-- phpMyAdmin SQL Dump
-- version 5.2.1
-- https://www.phpmyadmin.net/
--
-- Host: localhost
-- Waktu pembuatan: 20 Mar 2023 pada 02.27
-- Versi server: 8.0.32
-- Versi PHP: 8.1.15

SET SQL_MODE = "NO_AUTO_VALUE_ON_ZERO";
START TRANSACTION;
SET time_zone = "+00:00";


/*!40101 SET @OLD_CHARACTER_SET_CLIENT=@@CHARACTER_SET_CLIENT */;
/*!40101 SET @OLD_CHARACTER_SET_RESULTS=@@CHARACTER_SET_RESULTS */;
/*!40101 SET @OLD_COLLATION_CONNECTION=@@COLLATION_CONNECTION */;
/*!40101 SET NAMES utf8mb4 */;

--
-- Database: `articles_api`
--

-- --------------------------------------------------------

--
-- Struktur dari tabel `auth_group`
--

CREATE TABLE `auth_group` (
  `id` int NOT NULL,
  `name` varchar(150) NOT NULL
) ENGINE=InnoDB DEFAULT CHARSET=utf8mb4 COLLATE=utf8mb4_0900_ai_ci;

-- --------------------------------------------------------

--
-- Struktur dari tabel `auth_group_permissions`
--

CREATE TABLE `auth_group_permissions` (
  `id` bigint NOT NULL,
  `group_id` int NOT NULL,
  `permission_id` int NOT NULL
) ENGINE=InnoDB DEFAULT CHARSET=utf8mb4 COLLATE=utf8mb4_0900_ai_ci;

-- --------------------------------------------------------

--
-- Struktur dari tabel `auth_permission`
--

CREATE TABLE `auth_permission` (
  `id` int NOT NULL,
  `name` varchar(255) NOT NULL,
  `content_type_id` int NOT NULL,
  `codename` varchar(100) NOT NULL
) ENGINE=InnoDB DEFAULT CHARSET=utf8mb4 COLLATE=utf8mb4_0900_ai_ci;

--
-- Dumping data untuk tabel `auth_permission`
--

INSERT INTO `auth_permission` (`id`, `name`, `content_type_id`, `codename`) VALUES
(1, 'Can add posts', 1, 'add_posts'),
(2, 'Can change posts', 1, 'change_posts'),
(3, 'Can delete posts', 1, 'delete_posts'),
(4, 'Can view posts', 1, 'view_posts'),
(5, 'Can add log entry', 2, 'add_logentry'),
(6, 'Can change log entry', 2, 'change_logentry'),
(7, 'Can delete log entry', 2, 'delete_logentry'),
(8, 'Can view log entry', 2, 'view_logentry'),
(9, 'Can add permission', 3, 'add_permission'),
(10, 'Can change permission', 3, 'change_permission'),
(11, 'Can delete permission', 3, 'delete_permission'),
(12, 'Can view permission', 3, 'view_permission'),
(13, 'Can add group', 4, 'add_group'),
(14, 'Can change group', 4, 'change_group'),
(15, 'Can delete group', 4, 'delete_group'),
(16, 'Can view group', 4, 'view_group'),
(17, 'Can add user', 5, 'add_user'),
(18, 'Can change user', 5, 'change_user'),
(19, 'Can delete user', 5, 'delete_user'),
(20, 'Can view user', 5, 'view_user'),
(21, 'Can add content type', 6, 'add_contenttype'),
(22, 'Can change content type', 6, 'change_contenttype'),
(23, 'Can delete content type', 6, 'delete_contenttype'),
(24, 'Can view content type', 6, 'view_contenttype'),
(25, 'Can add session', 7, 'add_session'),
(26, 'Can change session', 7, 'change_session'),
(27, 'Can delete session', 7, 'delete_session'),
(28, 'Can view session', 7, 'view_session');

-- --------------------------------------------------------

--
-- Struktur dari tabel `auth_user`
--

CREATE TABLE `auth_user` (
  `id` int NOT NULL,
  `password` varchar(128) NOT NULL,
  `last_login` datetime(6) DEFAULT NULL,
  `is_superuser` tinyint(1) NOT NULL,
  `username` varchar(150) NOT NULL,
  `first_name` varchar(150) NOT NULL,
  `last_name` varchar(150) NOT NULL,
  `email` varchar(254) NOT NULL,
  `is_staff` tinyint(1) NOT NULL,
  `is_active` tinyint(1) NOT NULL,
  `date_joined` datetime(6) NOT NULL
) ENGINE=InnoDB DEFAULT CHARSET=utf8mb4 COLLATE=utf8mb4_0900_ai_ci;

--
-- Dumping data untuk tabel `auth_user`
--

INSERT INTO `auth_user` (`id`, `password`, `last_login`, `is_superuser`, `username`, `first_name`, `last_name`, `email`, `is_staff`, `is_active`, `date_joined`) VALUES
(1, 'pbkdf2_sha256$390000$cb15v67gKemLkD50QJTR7i$Lznh8HSaFKKae16c2tQ+aPCMV99+/DQ8yhL1KyHv0nw=', NULL, 1, 'syswantob1', '', '', 'nckdostrow@gmail.com', 1, 1, '2023-03-18 12:22:12.961639');

-- --------------------------------------------------------

--
-- Struktur dari tabel `auth_user_groups`
--

CREATE TABLE `auth_user_groups` (
  `id` bigint NOT NULL,
  `user_id` int NOT NULL,
  `group_id` int NOT NULL
) ENGINE=InnoDB DEFAULT CHARSET=utf8mb4 COLLATE=utf8mb4_0900_ai_ci;

-- --------------------------------------------------------

--
-- Struktur dari tabel `auth_user_user_permissions`
--

CREATE TABLE `auth_user_user_permissions` (
  `id` bigint NOT NULL,
  `user_id` int NOT NULL,
  `permission_id` int NOT NULL
) ENGINE=InnoDB DEFAULT CHARSET=utf8mb4 COLLATE=utf8mb4_0900_ai_ci;

-- --------------------------------------------------------

--
-- Struktur dari tabel `django_admin_log`
--

CREATE TABLE `django_admin_log` (
  `id` int NOT NULL,
  `action_time` datetime(6) NOT NULL,
  `object_id` longtext,
  `object_repr` varchar(200) NOT NULL,
  `action_flag` smallint UNSIGNED NOT NULL,
  `change_message` longtext NOT NULL,
  `content_type_id` int DEFAULT NULL,
  `user_id` int NOT NULL
) ;

-- --------------------------------------------------------

--
-- Struktur dari tabel `django_content_type`
--

CREATE TABLE `django_content_type` (
  `id` int NOT NULL,
  `app_label` varchar(100) NOT NULL,
  `model` varchar(100) NOT NULL
) ENGINE=InnoDB DEFAULT CHARSET=utf8mb4 COLLATE=utf8mb4_0900_ai_ci;

--
-- Dumping data untuk tabel `django_content_type`
--

INSERT INTO `django_content_type` (`id`, `app_label`, `model`) VALUES
(2, 'admin', 'logentry'),
(4, 'auth', 'group'),
(3, 'auth', 'permission'),
(5, 'auth', 'user'),
(6, 'contenttypes', 'contenttype'),
(1, 'Posts', 'posts'),
(7, 'sessions', 'session');

-- --------------------------------------------------------

--
-- Struktur dari tabel `django_migrations`
--

CREATE TABLE `django_migrations` (
  `id` bigint NOT NULL,
  `app` varchar(255) NOT NULL,
  `name` varchar(255) NOT NULL,
  `applied` datetime(6) NOT NULL
) ENGINE=InnoDB DEFAULT CHARSET=utf8mb4 COLLATE=utf8mb4_0900_ai_ci;

--
-- Dumping data untuk tabel `django_migrations`
--

INSERT INTO `django_migrations` (`id`, `app`, `name`, `applied`) VALUES
(1, 'Posts', '0001_initial', '2023-03-18 12:21:29.001316'),
(2, 'contenttypes', '0001_initial', '2023-03-18 12:21:29.025313'),
(3, 'auth', '0001_initial', '2023-03-18 12:21:29.241065'),
(4, 'admin', '0001_initial', '2023-03-18 12:21:29.308713'),
(5, 'admin', '0002_logentry_remove_auto_add', '2023-03-18 12:21:29.313709'),
(6, 'admin', '0003_logentry_add_action_flag_choices', '2023-03-18 12:21:29.317710'),
(7, 'contenttypes', '0002_remove_content_type_name', '2023-03-18 12:21:29.352114'),
(8, 'auth', '0002_alter_permission_name_max_length', '2023-03-18 12:21:29.381113'),
(9, 'auth', '0003_alter_user_email_max_length', '2023-03-18 12:21:29.394110'),
(10, 'auth', '0004_alter_user_username_opts', '2023-03-18 12:21:29.400110'),
(11, 'auth', '0005_alter_user_last_login_null', '2023-03-18 12:21:29.426115'),
(12, 'auth', '0006_require_contenttypes_0002', '2023-03-18 12:21:29.428113'),
(13, 'auth', '0007_alter_validators_add_error_messages', '2023-03-18 12:21:29.432110'),
(14, 'auth', '0008_alter_user_username_max_length', '2023-03-18 12:21:29.468112'),
(15, 'auth', '0009_alter_user_last_name_max_length', '2023-03-18 12:21:29.512111'),
(16, 'auth', '0010_alter_group_name_max_length', '2023-03-18 12:21:29.523112'),
(17, 'auth', '0011_update_proxy_permissions', '2023-03-18 12:21:29.529112'),
(18, 'auth', '0012_alter_user_first_name_max_length', '2023-03-18 12:21:29.555113'),
(19, 'sessions', '0001_initial', '2023-03-18 12:21:29.588113'),
(20, 'Posts', '0002_alter_posts_category_alter_posts_content_and_more', '2023-03-18 13:29:50.442837'),
(21, 'Posts', '0003_alter_posts_category_alter_posts_content_and_more', '2023-03-18 13:30:56.469525'),
(22, 'Posts', '0004_alter_posts_category_alter_posts_content_and_more', '2023-03-18 13:31:41.111162');

-- --------------------------------------------------------

--
-- Struktur dari tabel `django_session`
--

CREATE TABLE `django_session` (
  `session_key` varchar(40) NOT NULL,
  `session_data` longtext NOT NULL,
  `expire_date` datetime(6) NOT NULL
) ENGINE=InnoDB DEFAULT CHARSET=utf8mb4 COLLATE=utf8mb4_0900_ai_ci;

-- --------------------------------------------------------

--
-- Struktur dari tabel `posts_posts`
--

CREATE TABLE `posts_posts` (
  `Id` int NOT NULL,
  `Title` varchar(200) NOT NULL,
  `Content` longtext NOT NULL,
  `Category` varchar(100) NOT NULL,
  `Created_date` datetime(6) NOT NULL,
  `Updated_date` datetime(6) NOT NULL,
  `Status` varchar(100) NOT NULL
) ENGINE=InnoDB DEFAULT CHARSET=utf8mb4 COLLATE=utf8mb4_0900_ai_ci;

--
-- Dumping data untuk tabel `posts_posts`
--

INSERT INTO `posts_posts` (`Id`, `Title`, `Content`, `Category`, `Created_date`, `Updated_date`, `Status`) VALUES
(2, 'Articles dalam Bahasa Inggris Tapi Bahasa Indonesia 1', '(\'Dalam 🔗belajar bahasa Inggris, sering kali ditemukan articles atau kata sandang di dalam sebuah kalimat 🔗bahasa Inggris. Articles sendiri dibedakan menjadi dua yaitu definite articles dan indefinite articles.\\r\\n\\r\\nDefinite articles adalah kata sandang tertentu yang berupa kata sandang ‘the’ dan digunakan pada bentuk-bentuk kata tertentu saja. Sedangkan indefinite articles adalah memakai kata sandang ‘a’ dan ‘an’ yang memiliki arti sebuah. Berikut ini penjelasan kedua 🔗artikel dalam bahasa Inggris.\\r\\n\\r\\n1. DEFINITE ARTICLES\\r\\nDefinite articles digunakan untuk bermacam-macam variasai.\\r\\n\\r\\n1. Digunakan untuk kata benda yang telah disebut pada kalimat sebelumnya.\\r\\n\\r\\nContoh:\\r\\n\\r\\nI have a book. The book is very interesting.\\r\\n2. Digunakan untuk menunjukan kitab suci, tempat, laut atau wilayah.\\r\\n\\r\\nContoh:\\r\\n\\r\\nThe sempu island.\\r\\n3. Digunakan untuk kata yang menunjukan bangsa atau orang secara kolektif.\\r\\n\\r\\nContoh:\\r\\n\\r\\nThe Javanese.\\r\\n4. Digunakan dalam bentuk superlative dan ordinal numbers.\\r\\n\\r\\nContoh:\\r\\n\\r\\nThe longest.\\r\\n5. Digunakan untuk nama keluarga dalam bentuk jamak yang berarti family.\\r\\n\\r\\nContoh:\\r\\n\\r\\nThe Cullen.\\r\\n6. Digunakan untuk nama benda yang hanya satu-satunya.\\r\\n\\r\\nContoh:\\r\\n\\r\\nThe sun.\\r\\nThe moon.\\r\\n2. INDEFINITE ARTICLES\\r\\nIndefinite articles dikelompokan dalam article ‘a’ dan ‘an’. Kata sandang ‘a’ digunakan untuk benda tunggal yang dimulai dengan bunyi konsonan sedangkan ‘an’ digunakan untuk kata-kata benda yang diawali dengan huruf vokal. Indefinite article digunakan dalam bermacam-macam variasi pula.\\r\\n\\r\\n1. Digunakan saat di depan nama pangkat atau jabatan.\\r\\n\\r\\nContoh:\\r\\n\\r\\na sailor.\\r\\n2. Digunakan di depan nama kebangsaan.\\r\\n\\r\\nContoh:\\r\\n\\r\\nan American.\\r\\n3. Digunakan di depan nama agama.\\r\\n\\r\\nContoh:\\r\\n\\r\\na Moslem.\\r\\n4. Digunakan untuk kata benda tunggal yang dapat dihitung.\\r\\n\\r\\nContoh:\\r\\n\\r\\nWe have a pen.\\r\\n5. Digunakan sebelum kata benda tunggal yang digunakan sebagai contoh dari sebuah kelompok benda.\\r\\n\\r\\nContoh:\\r\\n\\r\\nan announcer must be able show teater of mind.\\r\\n6. Digunakan dalam penulisan jumlah tertentu.\\r\\n\\r\\nContoh:\\r\\n\\r\\na couple of parents.\\r\\n7. Digunakan untuk menyatakan harga satuan tertentu.\\r\\n\\r\\nContoh:\\r\\n\\r\\n$50 a kilo.\\r\\n8. Digunakan dalam kalimat seru.\\r\\n\\r\\nContoh:\\r\\n\\r\\nWhat a beautiful girl!\\r\\nItu dia beberapa cara dalam menggunakan articles pada bahasa Inggris.\',)', '(\'Articles\',)', '2023-03-19 07:04:21.136976', '2023-03-19 07:06:48.857568', 'PUBLISH'),
(3, 'Articles dalam Bahasa Inggris Tapi Bahasa Indonesia 1', 'Dalam 🔗belajar bahasa Inggris, sering kali ditemukan articles atau kata sandang di dalam sebuah kalimat 🔗bahasa Inggris. Articles sendiri dibedakan menjadi dua yaitu definite articles dan indefinite articles.\r\n\r\nDefinite articles adalah kata sandang tertentu yang berupa kata sandang ‘the’ dan digunakan pada bentuk-bentuk kata tertentu saja. Sedangkan indefinite articles adalah memakai kata sandang ‘a’ dan ‘an’ yang memiliki arti sebuah. Berikut ini penjelasan kedua 🔗artikel dalam bahasa Inggris.\r\n\r\n1. DEFINITE ARTICLES\r\nDefinite articles digunakan untuk bermacam-macam variasai.\r\n\r\n1. Digunakan untuk kata benda yang telah disebut pada kalimat sebelumnya.\r\n\r\nContoh:\r\n\r\nI have a book. The book is very interesting.\r\n2. Digunakan untuk menunjukan kitab suci, tempat, laut atau wilayah.\r\n\r\nContoh:\r\n\r\nThe sempu island.\r\n3. Digunakan untuk kata yang menunjukan bangsa atau orang secara kolektif.\r\n\r\nContoh:\r\n\r\nThe Javanese.\r\n4. Digunakan dalam bentuk superlative dan ordinal numbers.\r\n\r\nContoh:\r\n\r\nThe longest.\r\n5. Digunakan untuk nama keluarga dalam bentuk jamak yang berarti family.\r\n\r\nContoh:\r\n\r\nThe Cullen.\r\n6. Digunakan untuk nama benda yang hanya satu-satunya.\r\n\r\nContoh:\r\n\r\nThe sun.\r\nThe moon.\r\n2. INDEFINITE ARTICLES\r\nIndefinite articles dikelompokan dalam article ‘a’ dan ‘an’. Kata sandang ‘a’ digunakan untuk benda tunggal yang dimulai dengan bunyi konsonan sedangkan ‘an’ digunakan untuk kata-kata benda yang diawali dengan huruf vokal. Indefinite article digunakan dalam bermacam-macam variasi pula.\r\n\r\n1. Digunakan saat di depan nama pangkat atau jabatan.\r\n\r\nContoh:\r\n\r\na sailor.\r\n2. Digunakan di depan nama kebangsaan.\r\n\r\nContoh:\r\n\r\nan American.\r\n3. Digunakan di depan nama agama.\r\n\r\nContoh:\r\n\r\na Moslem.\r\n4. Digunakan untuk kata benda tunggal yang dapat dihitung.\r\n\r\nContoh:\r\n\r\nWe have a pen.\r\n5. Digunakan sebelum kata benda tunggal yang digunakan sebagai contoh dari sebuah kelompok benda.\r\n\r\nContoh:\r\n\r\nan announcer must be able show teater of mind.\r\n6. Digunakan dalam penulisan jumlah tertentu.\r\n\r\nContoh:\r\n\r\na couple of parents.\r\n7. Digunakan untuk menyatakan harga satuan tertentu.\r\n\r\nContoh:\r\n\r\n$50 a kilo.\r\n8. Digunakan dalam kalimat seru.\r\n\r\nContoh:\r\n\r\nWhat a beautiful girl!\r\nItu dia beberapa cara dalam menggunakan articles pada bahasa Inggris.', 'Articles', '2023-03-19 07:04:43.798484', '2023-03-19 07:04:43.798484', 'DRAFT'),
(4, 'Articles dalam Bahasa Inggris Tapi Bahasa Indonesia 1', 'Dalam 🔗belajar bahasa Inggris, sering kali ditemukan articles atau kata sandang di dalam sebuah kalimat 🔗bahasa Inggris. Articles sendiri dibedakan menjadi dua yaitu definite articles dan indefinite articles.\r\n\r\nDefinite articles adalah kata sandang tertentu yang berupa kata sandang ‘the’ dan digunakan pada bentuk-bentuk kata tertentu saja. Sedangkan indefinite articles adalah memakai kata sandang ‘a’ dan ‘an’ yang memiliki arti sebuah. Berikut ini penjelasan kedua 🔗artikel dalam bahasa Inggris.\r\n\r\n1. DEFINITE ARTICLES\r\nDefinite articles digunakan untuk bermacam-macam variasai.\r\n\r\n1. Digunakan untuk kata benda yang telah disebut pada kalimat sebelumnya.\r\n\r\nContoh:\r\n\r\nI have a book. The book is very interesting.\r\n2. Digunakan untuk menunjukan kitab suci, tempat, laut atau wilayah.\r\n\r\nContoh:\r\n\r\nThe sempu island.\r\n3. Digunakan untuk kata yang menunjukan bangsa atau orang secara kolektif.\r\n\r\nContoh:\r\n\r\nThe Javanese.\r\n4. Digunakan dalam bentuk superlative dan ordinal numbers.\r\n\r\nContoh:\r\n\r\nThe longest.\r\n5. Digunakan untuk nama keluarga dalam bentuk jamak yang berarti family.\r\n\r\nContoh:\r\n\r\nThe Cullen.\r\n6. Digunakan untuk nama benda yang hanya satu-satunya.\r\n\r\nContoh:\r\n\r\nThe sun.\r\nThe moon.\r\n2. INDEFINITE ARTICLES\r\nIndefinite articles dikelompokan dalam article ‘a’ dan ‘an’. Kata sandang ‘a’ digunakan untuk benda tunggal yang dimulai dengan bunyi konsonan sedangkan ‘an’ digunakan untuk kata-kata benda yang diawali dengan huruf vokal. Indefinite article digunakan dalam bermacam-macam variasi pula.\r\n\r\n1. Digunakan saat di depan nama pangkat atau jabatan.\r\n\r\nContoh:\r\n\r\na sailor.\r\n2. Digunakan di depan nama kebangsaan.\r\n\r\nContoh:\r\n\r\nan American.\r\n3. Digunakan di depan nama agama.\r\n\r\nContoh:\r\n\r\na Moslem.\r\n4. Digunakan untuk kata benda tunggal yang dapat dihitung.\r\n\r\nContoh:\r\n\r\nWe have a pen.\r\n5. Digunakan sebelum kata benda tunggal yang digunakan sebagai contoh dari sebuah kelompok benda.\r\n\r\nContoh:\r\n\r\nan announcer must be able show teater of mind.\r\n6. Digunakan dalam penulisan jumlah tertentu.\r\n\r\nContoh:\r\n\r\na couple of parents.\r\n7. Digunakan untuk menyatakan harga satuan tertentu.\r\n\r\nContoh:\r\n\r\n$50 a kilo.\r\n8. Digunakan dalam kalimat seru.\r\n\r\nContoh:\r\n\r\nWhat a beautiful girl!\r\nItu dia beberapa cara dalam menggunakan articles pada bahasa Inggris.', 'Articles', '2023-03-19 07:04:49.070238', '2023-03-19 07:04:49.070238', 'THRASH'),
(5, 'Articles dalam Bahasa Inggris Tapi Bahasa Indonesia 1', 'Dalam 🔗belajar bahasa Inggris, sering kali ditemukan articles atau kata sandang di dalam sebuah kalimat 🔗bahasa Inggris. Articles sendiri dibedakan menjadi dua yaitu definite articles dan indefinite articles.\r\n\r\nDefinite articles adalah kata sandang tertentu yang berupa kata sandang ‘the’ dan digunakan pada bentuk-bentuk kata tertentu saja. Sedangkan indefinite articles adalah memakai kata sandang ‘a’ dan ‘an’ yang memiliki arti sebuah. Berikut ini penjelasan kedua 🔗artikel dalam bahasa Inggris.\r\n\r\n1. DEFINITE ARTICLES\r\nDefinite articles digunakan untuk bermacam-macam variasai.\r\n\r\n1. Digunakan untuk kata benda yang telah disebut pada kalimat sebelumnya.\r\n\r\nContoh:\r\n\r\nI have a book. The book is very interesting.\r\n2. Digunakan untuk menunjukan kitab suci, tempat, laut atau wilayah.\r\n\r\nContoh:\r\n\r\nThe sempu island.\r\n3. Digunakan untuk kata yang menunjukan bangsa atau orang secara kolektif.\r\n\r\nContoh:\r\n\r\nThe Javanese.\r\n4. Digunakan dalam bentuk superlative dan ordinal numbers.\r\n\r\nContoh:\r\n\r\nThe longest.\r\n5. Digunakan untuk nama keluarga dalam bentuk jamak yang berarti family.\r\n\r\nContoh:\r\n\r\nThe Cullen.\r\n6. Digunakan untuk nama benda yang hanya satu-satunya.\r\n\r\nContoh:\r\n\r\nThe sun.\r\nThe moon.\r\n2. INDEFINITE ARTICLES\r\nIndefinite articles dikelompokan dalam article ‘a’ dan ‘an’. Kata sandang ‘a’ digunakan untuk benda tunggal yang dimulai dengan bunyi konsonan sedangkan ‘an’ digunakan untuk kata-kata benda yang diawali dengan huruf vokal. Indefinite article digunakan dalam bermacam-macam variasi pula.\r\n\r\n1. Digunakan saat di depan nama pangkat atau jabatan.\r\n\r\nContoh:\r\n\r\na sailor.\r\n2. Digunakan di depan nama kebangsaan.\r\n\r\nContoh:\r\n\r\nan American.\r\n3. Digunakan di depan nama agama.\r\n\r\nContoh:\r\n\r\na Moslem.\r\n4. Digunakan untuk kata benda tunggal yang dapat dihitung.\r\n\r\nContoh:\r\n\r\nWe have a pen.\r\n5. Digunakan sebelum kata benda tunggal yang digunakan sebagai contoh dari sebuah kelompok benda.\r\n\r\nContoh:\r\n\r\nan announcer must be able show teater of mind.\r\n6. Digunakan dalam penulisan jumlah tertentu.\r\n\r\nContoh:\r\n\r\na couple of parents.\r\n7. Digunakan untuk menyatakan harga satuan tertentu.\r\n\r\nContoh:\r\n\r\n$50 a kilo.\r\n8. Digunakan dalam kalimat seru.\r\n\r\nContoh:\r\n\r\nWhat a beautiful girl!\r\nItu dia beberapa cara dalam menggunakan articles pada bahasa Inggris.', 'Articles', '2023-03-19 07:04:54.517954', '2023-03-19 07:04:54.517954', 'PUBLISH'),
(6, 'Articles dalam Bahasa Inggris Tapi Bahasa Indonesia 1', 'Dalam 🔗belajar bahasa Inggris, sering kali ditemukan articles atau kata sandang di dalam sebuah kalimat 🔗bahasa Inggris. Articles sendiri dibedakan menjadi dua yaitu definite articles dan indefinite articles.\r\n\r\nDefinite articles adalah kata sandang tertentu yang berupa kata sandang ‘the’ dan digunakan pada bentuk-bentuk kata tertentu saja. Sedangkan indefinite articles adalah memakai kata sandang ‘a’ dan ‘an’ yang memiliki arti sebuah. Berikut ini penjelasan kedua 🔗artikel dalam bahasa Inggris.\r\n\r\n1. DEFINITE ARTICLES\r\nDefinite articles digunakan untuk bermacam-macam variasai.\r\n\r\n1. Digunakan untuk kata benda yang telah disebut pada kalimat sebelumnya.\r\n\r\nContoh:\r\n\r\nI have a book. The book is very interesting.\r\n2. Digunakan untuk menunjukan kitab suci, tempat, laut atau wilayah.\r\n\r\nContoh:\r\n\r\nThe sempu island.\r\n3. Digunakan untuk kata yang menunjukan bangsa atau orang secara kolektif.\r\n\r\nContoh:\r\n\r\nThe Javanese.\r\n4. Digunakan dalam bentuk superlative dan ordinal numbers.\r\n\r\nContoh:\r\n\r\nThe longest.\r\n5. Digunakan untuk nama keluarga dalam bentuk jamak yang berarti family.\r\n\r\nContoh:\r\n\r\nThe Cullen.\r\n6. Digunakan untuk nama benda yang hanya satu-satunya.\r\n\r\nContoh:\r\n\r\nThe sun.\r\nThe moon.\r\n2. INDEFINITE ARTICLES\r\nIndefinite articles dikelompokan dalam article ‘a’ dan ‘an’. Kata sandang ‘a’ digunakan untuk benda tunggal yang dimulai dengan bunyi konsonan sedangkan ‘an’ digunakan untuk kata-kata benda yang diawali dengan huruf vokal. Indefinite article digunakan dalam bermacam-macam variasi pula.\r\n\r\n1. Digunakan saat di depan nama pangkat atau jabatan.\r\n\r\nContoh:\r\n\r\na sailor.\r\n2. Digunakan di depan nama kebangsaan.\r\n\r\nContoh:\r\n\r\nan American.\r\n3. Digunakan di depan nama agama.\r\n\r\nContoh:\r\n\r\na Moslem.\r\n4. Digunakan untuk kata benda tunggal yang dapat dihitung.\r\n\r\nContoh:\r\n\r\nWe have a pen.\r\n5. Digunakan sebelum kata benda tunggal yang digunakan sebagai contoh dari sebuah kelompok benda.\r\n\r\nContoh:\r\n\r\nan announcer must be able show teater of mind.\r\n6. Digunakan dalam penulisan jumlah tertentu.\r\n\r\nContoh:\r\n\r\na couple of parents.\r\n7. Digunakan untuk menyatakan harga satuan tertentu.\r\n\r\nContoh:\r\n\r\n$50 a kilo.\r\n8. Digunakan dalam kalimat seru.\r\n\r\nContoh:\r\n\r\nWhat a beautiful girl!\r\nItu dia beberapa cara dalam menggunakan articles pada bahasa Inggris.', 'Articles', '2023-03-19 11:41:41.233253', '2023-03-19 11:41:41.233253', 'PUBLISH'),
(7, 'Articles dalam Bahasa Inggris Tapi Bahasa Indonesia 1', 'Dalam 🔗belajar bahasa Inggris, sering kali ditemukan articles atau kata sandang di dalam sebuah kalimat 🔗bahasa Inggris. Articles sendiri dibedakan menjadi dua yaitu definite articles dan indefinite articles.\r\n\r\nDefinite articles adalah kata sandang tertentu yang berupa kata sandang ‘the’ dan digunakan pada bentuk-bentuk kata tertentu saja. Sedangkan indefinite articles adalah memakai kata sandang ‘a’ dan ‘an’ yang memiliki arti sebuah. Berikut ini penjelasan kedua 🔗artikel dalam bahasa Inggris.\r\n\r\n1. DEFINITE ARTICLES\r\nDefinite articles digunakan untuk bermacam-macam variasai.\r\n\r\n1. Digunakan untuk kata benda yang telah disebut pada kalimat sebelumnya.\r\n\r\nContoh:\r\n\r\nI have a book. The book is very interesting.\r\n2. Digunakan untuk menunjukan kitab suci, tempat, laut atau wilayah.\r\n\r\nContoh:\r\n\r\nThe sempu island.\r\n3. Digunakan untuk kata yang menunjukan bangsa atau orang secara kolektif.\r\n\r\nContoh:\r\n\r\nThe Javanese.\r\n4. Digunakan dalam bentuk superlative dan ordinal numbers.\r\n\r\nContoh:\r\n\r\nThe longest.\r\n5. Digunakan untuk nama keluarga dalam bentuk jamak yang berarti family.\r\n\r\nContoh:\r\n\r\nThe Cullen.\r\n6. Digunakan untuk nama benda yang hanya satu-satunya.\r\n\r\nContoh:\r\n\r\nThe sun.\r\nThe moon.\r\n2. INDEFINITE ARTICLES\r\nIndefinite articles dikelompokan dalam article ‘a’ dan ‘an’. Kata sandang ‘a’ digunakan untuk benda tunggal yang dimulai dengan bunyi konsonan sedangkan ‘an’ digunakan untuk kata-kata benda yang diawali dengan huruf vokal. Indefinite article digunakan dalam bermacam-macam variasi pula.\r\n\r\n1. Digunakan saat di depan nama pangkat atau jabatan.\r\n\r\nContoh:\r\n\r\na sailor.\r\n2. Digunakan di depan nama kebangsaan.\r\n\r\nContoh:\r\n\r\nan American.\r\n3. Digunakan di depan nama agama.\r\n\r\nContoh:\r\n\r\na Moslem.\r\n4. Digunakan untuk kata benda tunggal yang dapat dihitung.\r\n\r\nContoh:\r\n\r\nWe have a pen.\r\n5. Digunakan sebelum kata benda tunggal yang digunakan sebagai contoh dari sebuah kelompok benda.\r\n\r\nContoh:\r\n\r\nan announcer must be able show teater of mind.\r\n6. Digunakan dalam penulisan jumlah tertentu.\r\n\r\nContoh:\r\n\r\na couple of parents.\r\n7. Digunakan untuk menyatakan harga satuan tertentu.\r\n\r\nContoh:\r\n\r\n$50 a kilo.\r\n8. Digunakan dalam kalimat seru.\r\n\r\nContoh:\r\n\r\nWhat a beautiful girl!\r\nItu dia beberapa cara dalam menggunakan articles pada bahasa Inggris.', 'Articles', '2023-03-19 11:41:41.956024', '2023-03-19 11:41:41.956024', 'PUBLISH'),
(8, 'Articles dalam Bahasa Inggris Tapi Bahasa Indonesia 1', 'Dalam 🔗belajar bahasa Inggris, sering kali ditemukan articles atau kata sandang di dalam sebuah kalimat 🔗bahasa Inggris. Articles sendiri dibedakan menjadi dua yaitu definite articles dan indefinite articles.\r\n\r\nDefinite articles adalah kata sandang tertentu yang berupa kata sandang ‘the’ dan digunakan pada bentuk-bentuk kata tertentu saja. Sedangkan indefinite articles adalah memakai kata sandang ‘a’ dan ‘an’ yang memiliki arti sebuah. Berikut ini penjelasan kedua 🔗artikel dalam bahasa Inggris.\r\n\r\n1. DEFINITE ARTICLES\r\nDefinite articles digunakan untuk bermacam-macam variasai.\r\n\r\n1. Digunakan untuk kata benda yang telah disebut pada kalimat sebelumnya.\r\n\r\nContoh:\r\n\r\nI have a book. The book is very interesting.\r\n2. Digunakan untuk menunjukan kitab suci, tempat, laut atau wilayah.\r\n\r\nContoh:\r\n\r\nThe sempu island.\r\n3. Digunakan untuk kata yang menunjukan bangsa atau orang secara kolektif.\r\n\r\nContoh:\r\n\r\nThe Javanese.\r\n4. Digunakan dalam bentuk superlative dan ordinal numbers.\r\n\r\nContoh:\r\n\r\nThe longest.\r\n5. Digunakan untuk nama keluarga dalam bentuk jamak yang berarti family.\r\n\r\nContoh:\r\n\r\nThe Cullen.\r\n6. Digunakan untuk nama benda yang hanya satu-satunya.\r\n\r\nContoh:\r\n\r\nThe sun.\r\nThe moon.\r\n2. INDEFINITE ARTICLES\r\nIndefinite articles dikelompokan dalam article ‘a’ dan ‘an’. Kata sandang ‘a’ digunakan untuk benda tunggal yang dimulai dengan bunyi konsonan sedangkan ‘an’ digunakan untuk kata-kata benda yang diawali dengan huruf vokal. Indefinite article digunakan dalam bermacam-macam variasi pula.\r\n\r\n1. Digunakan saat di depan nama pangkat atau jabatan.\r\n\r\nContoh:\r\n\r\na sailor.\r\n2. Digunakan di depan nama kebangsaan.\r\n\r\nContoh:\r\n\r\nan American.\r\n3. Digunakan di depan nama agama.\r\n\r\nContoh:\r\n\r\na Moslem.\r\n4. Digunakan untuk kata benda tunggal yang dapat dihitung.\r\n\r\nContoh:\r\n\r\nWe have a pen.\r\n5. Digunakan sebelum kata benda tunggal yang digunakan sebagai contoh dari sebuah kelompok benda.\r\n\r\nContoh:\r\n\r\nan announcer must be able show teater of mind.\r\n6. Digunakan dalam penulisan jumlah tertentu.\r\n\r\nContoh:\r\n\r\na couple of parents.\r\n7. Digunakan untuk menyatakan harga satuan tertentu.\r\n\r\nContoh:\r\n\r\n$50 a kilo.\r\n8. Digunakan dalam kalimat seru.\r\n\r\nContoh:\r\n\r\nWhat a beautiful girl!\r\nItu dia beberapa cara dalam menggunakan articles pada bahasa Inggris.', 'Articles', '2023-03-19 11:41:42.611990', '2023-03-19 11:41:42.611990', 'PUBLISH'),
(9, 'Articles dalam Bahasa Inggris Tapi Bahasa Indonesia 1', 'Dalam 🔗belajar bahasa Inggris, sering kali ditemukan articles atau kata sandang di dalam sebuah kalimat 🔗bahasa Inggris. Articles sendiri dibedakan menjadi dua yaitu definite articles dan indefinite articles.\r\n\r\nDefinite articles adalah kata sandang tertentu yang berupa kata sandang ‘the’ dan digunakan pada bentuk-bentuk kata tertentu saja. Sedangkan indefinite articles adalah memakai kata sandang ‘a’ dan ‘an’ yang memiliki arti sebuah. Berikut ini penjelasan kedua 🔗artikel dalam bahasa Inggris.\r\n\r\n1. DEFINITE ARTICLES\r\nDefinite articles digunakan untuk bermacam-macam variasai.\r\n\r\n1. Digunakan untuk kata benda yang telah disebut pada kalimat sebelumnya.\r\n\r\nContoh:\r\n\r\nI have a book. The book is very interesting.\r\n2. Digunakan untuk menunjukan kitab suci, tempat, laut atau wilayah.\r\n\r\nContoh:\r\n\r\nThe sempu island.\r\n3. Digunakan untuk kata yang menunjukan bangsa atau orang secara kolektif.\r\n\r\nContoh:\r\n\r\nThe Javanese.\r\n4. Digunakan dalam bentuk superlative dan ordinal numbers.\r\n\r\nContoh:\r\n\r\nThe longest.\r\n5. Digunakan untuk nama keluarga dalam bentuk jamak yang berarti family.\r\n\r\nContoh:\r\n\r\nThe Cullen.\r\n6. Digunakan untuk nama benda yang hanya satu-satunya.\r\n\r\nContoh:\r\n\r\nThe sun.\r\nThe moon.\r\n2. INDEFINITE ARTICLES\r\nIndefinite articles dikelompokan dalam article ‘a’ dan ‘an’. Kata sandang ‘a’ digunakan untuk benda tunggal yang dimulai dengan bunyi konsonan sedangkan ‘an’ digunakan untuk kata-kata benda yang diawali dengan huruf vokal. Indefinite article digunakan dalam bermacam-macam variasi pula.\r\n\r\n1. Digunakan saat di depan nama pangkat atau jabatan.\r\n\r\nContoh:\r\n\r\na sailor.\r\n2. Digunakan di depan nama kebangsaan.\r\n\r\nContoh:\r\n\r\nan American.\r\n3. Digunakan di depan nama agama.\r\n\r\nContoh:\r\n\r\na Moslem.\r\n4. Digunakan untuk kata benda tunggal yang dapat dihitung.\r\n\r\nContoh:\r\n\r\nWe have a pen.\r\n5. Digunakan sebelum kata benda tunggal yang digunakan sebagai contoh dari sebuah kelompok benda.\r\n\r\nContoh:\r\n\r\nan announcer must be able show teater of mind.\r\n6. Digunakan dalam penulisan jumlah tertentu.\r\n\r\nContoh:\r\n\r\na couple of parents.\r\n7. Digunakan untuk menyatakan harga satuan tertentu.\r\n\r\nContoh:\r\n\r\n$50 a kilo.\r\n8. Digunakan dalam kalimat seru.\r\n\r\nContoh:\r\n\r\nWhat a beautiful girl!\r\nItu dia beberapa cara dalam menggunakan articles pada bahasa Inggris.', 'Articles', '2023-03-19 11:41:43.233173', '2023-03-19 11:41:43.233173', 'PUBLISH'),
(10, 'Articles dalam Bahasa Inggris Tapi Bahasa Indonesia 1', 'Dalam 🔗belajar bahasa Inggris, sering kali ditemukan articles atau kata sandang di dalam sebuah kalimat 🔗bahasa Inggris. Articles sendiri dibedakan menjadi dua yaitu definite articles dan indefinite articles.\r\n\r\nDefinite articles adalah kata sandang tertentu yang berupa kata sandang ‘the’ dan digunakan pada bentuk-bentuk kata tertentu saja. Sedangkan indefinite articles adalah memakai kata sandang ‘a’ dan ‘an’ yang memiliki arti sebuah. Berikut ini penjelasan kedua 🔗artikel dalam bahasa Inggris.\r\n\r\n1. DEFINITE ARTICLES\r\nDefinite articles digunakan untuk bermacam-macam variasai.\r\n\r\n1. Digunakan untuk kata benda yang telah disebut pada kalimat sebelumnya.\r\n\r\nContoh:\r\n\r\nI have a book. The book is very interesting.\r\n2. Digunakan untuk menunjukan kitab suci, tempat, laut atau wilayah.\r\n\r\nContoh:\r\n\r\nThe sempu island.\r\n3. Digunakan untuk kata yang menunjukan bangsa atau orang secara kolektif.\r\n\r\nContoh:\r\n\r\nThe Javanese.\r\n4. Digunakan dalam bentuk superlative dan ordinal numbers.\r\n\r\nContoh:\r\n\r\nThe longest.\r\n5. Digunakan untuk nama keluarga dalam bentuk jamak yang berarti family.\r\n\r\nContoh:\r\n\r\nThe Cullen.\r\n6. Digunakan untuk nama benda yang hanya satu-satunya.\r\n\r\nContoh:\r\n\r\nThe sun.\r\nThe moon.\r\n2. INDEFINITE ARTICLES\r\nIndefinite articles dikelompokan dalam article ‘a’ dan ‘an’. Kata sandang ‘a’ digunakan untuk benda tunggal yang dimulai dengan bunyi konsonan sedangkan ‘an’ digunakan untuk kata-kata benda yang diawali dengan huruf vokal. Indefinite article digunakan dalam bermacam-macam variasi pula.\r\n\r\n1. Digunakan saat di depan nama pangkat atau jabatan.\r\n\r\nContoh:\r\n\r\na sailor.\r\n2. Digunakan di depan nama kebangsaan.\r\n\r\nContoh:\r\n\r\nan American.\r\n3. Digunakan di depan nama agama.\r\n\r\nContoh:\r\n\r\na Moslem.\r\n4. Digunakan untuk kata benda tunggal yang dapat dihitung.\r\n\r\nContoh:\r\n\r\nWe have a pen.\r\n5. Digunakan sebelum kata benda tunggal yang digunakan sebagai contoh dari sebuah kelompok benda.\r\n\r\nContoh:\r\n\r\nan announcer must be able show teater of mind.\r\n6. Digunakan dalam penulisan jumlah tertentu.\r\n\r\nContoh:\r\n\r\na couple of parents.\r\n7. Digunakan untuk menyatakan harga satuan tertentu.\r\n\r\nContoh:\r\n\r\n$50 a kilo.\r\n8. Digunakan dalam kalimat seru.\r\n\r\nContoh:\r\n\r\nWhat a beautiful girl!\r\nItu dia beberapa cara dalam menggunakan articles pada bahasa Inggris.', 'Articles', '2023-03-19 11:41:43.871973', '2023-03-19 11:41:43.871973', 'PUBLISH'),
(11, 'Articles dalam Bahasa Inggris Tapi Bahasa Indonesia 1', 'Dalam 🔗belajar bahasa Inggris, sering kali ditemukan articles atau kata sandang di dalam sebuah kalimat 🔗bahasa Inggris. Articles sendiri dibedakan menjadi dua yaitu definite articles dan indefinite articles.\r\n\r\nDefinite articles adalah kata sandang tertentu yang berupa kata sandang ‘the’ dan digunakan pada bentuk-bentuk kata tertentu saja. Sedangkan indefinite articles adalah memakai kata sandang ‘a’ dan ‘an’ yang memiliki arti sebuah. Berikut ini penjelasan kedua 🔗artikel dalam bahasa Inggris.\r\n\r\n1. DEFINITE ARTICLES\r\nDefinite articles digunakan untuk bermacam-macam variasai.\r\n\r\n1. Digunakan untuk kata benda yang telah disebut pada kalimat sebelumnya.\r\n\r\nContoh:\r\n\r\nI have a book. The book is very interesting.\r\n2. Digunakan untuk menunjukan kitab suci, tempat, laut atau wilayah.\r\n\r\nContoh:\r\n\r\nThe sempu island.\r\n3. Digunakan untuk kata yang menunjukan bangsa atau orang secara kolektif.\r\n\r\nContoh:\r\n\r\nThe Javanese.\r\n4. Digunakan dalam bentuk superlative dan ordinal numbers.\r\n\r\nContoh:\r\n\r\nThe longest.\r\n5. Digunakan untuk nama keluarga dalam bentuk jamak yang berarti family.\r\n\r\nContoh:\r\n\r\nThe Cullen.\r\n6. Digunakan untuk nama benda yang hanya satu-satunya.\r\n\r\nContoh:\r\n\r\nThe sun.\r\nThe moon.\r\n2. INDEFINITE ARTICLES\r\nIndefinite articles dikelompokan dalam article ‘a’ dan ‘an’. Kata sandang ‘a’ digunakan untuk benda tunggal yang dimulai dengan bunyi konsonan sedangkan ‘an’ digunakan untuk kata-kata benda yang diawali dengan huruf vokal. Indefinite article digunakan dalam bermacam-macam variasi pula.\r\n\r\n1. Digunakan saat di depan nama pangkat atau jabatan.\r\n\r\nContoh:\r\n\r\na sailor.\r\n2. Digunakan di depan nama kebangsaan.\r\n\r\nContoh:\r\n\r\nan American.\r\n3. Digunakan di depan nama agama.\r\n\r\nContoh:\r\n\r\na Moslem.\r\n4. Digunakan untuk kata benda tunggal yang dapat dihitung.\r\n\r\nContoh:\r\n\r\nWe have a pen.\r\n5. Digunakan sebelum kata benda tunggal yang digunakan sebagai contoh dari sebuah kelompok benda.\r\n\r\nContoh:\r\n\r\nan announcer must be able show teater of mind.\r\n6. Digunakan dalam penulisan jumlah tertentu.\r\n\r\nContoh:\r\n\r\na couple of parents.\r\n7. Digunakan untuk menyatakan harga satuan tertentu.\r\n\r\nContoh:\r\n\r\n$50 a kilo.\r\n8. Digunakan dalam kalimat seru.\r\n\r\nContoh:\r\n\r\nWhat a beautiful girl!\r\nItu dia beberapa cara dalam menggunakan articles pada bahasa Inggris.', 'Articles', '2023-03-19 11:41:44.443301', '2023-03-19 11:41:44.443301', 'PUBLISH'),
(12, 'Articles dalam Bahasa Inggris Tapi Bahasa Indonesia 1', 'Dalam 🔗belajar bahasa Inggris, sering kali ditemukan articles atau kata sandang di dalam sebuah kalimat 🔗bahasa Inggris. Articles sendiri dibedakan menjadi dua yaitu definite articles dan indefinite articles.\r\n\r\nDefinite articles adalah kata sandang tertentu yang berupa kata sandang ‘the’ dan digunakan pada bentuk-bentuk kata tertentu saja. Sedangkan indefinite articles adalah memakai kata sandang ‘a’ dan ‘an’ yang memiliki arti sebuah. Berikut ini penjelasan kedua 🔗artikel dalam bahasa Inggris.\r\n\r\n1. DEFINITE ARTICLES\r\nDefinite articles digunakan untuk bermacam-macam variasai.\r\n\r\n1. Digunakan untuk kata benda yang telah disebut pada kalimat sebelumnya.\r\n\r\nContoh:\r\n\r\nI have a book. The book is very interesting.\r\n2. Digunakan untuk menunjukan kitab suci, tempat, laut atau wilayah.\r\n\r\nContoh:\r\n\r\nThe sempu island.\r\n3. Digunakan untuk kata yang menunjukan bangsa atau orang secara kolektif.\r\n\r\nContoh:\r\n\r\nThe Javanese.\r\n4. Digunakan dalam bentuk superlative dan ordinal numbers.\r\n\r\nContoh:\r\n\r\nThe longest.\r\n5. Digunakan untuk nama keluarga dalam bentuk jamak yang berarti family.\r\n\r\nContoh:\r\n\r\nThe Cullen.\r\n6. Digunakan untuk nama benda yang hanya satu-satunya.\r\n\r\nContoh:\r\n\r\nThe sun.\r\nThe moon.\r\n2. INDEFINITE ARTICLES\r\nIndefinite articles dikelompokan dalam article ‘a’ dan ‘an’. Kata sandang ‘a’ digunakan untuk benda tunggal yang dimulai dengan bunyi konsonan sedangkan ‘an’ digunakan untuk kata-kata benda yang diawali dengan huruf vokal. Indefinite article digunakan dalam bermacam-macam variasi pula.\r\n\r\n1. Digunakan saat di depan nama pangkat atau jabatan.\r\n\r\nContoh:\r\n\r\na sailor.\r\n2. Digunakan di depan nama kebangsaan.\r\n\r\nContoh:\r\n\r\nan American.\r\n3. Digunakan di depan nama agama.\r\n\r\nContoh:\r\n\r\na Moslem.\r\n4. Digunakan untuk kata benda tunggal yang dapat dihitung.\r\n\r\nContoh:\r\n\r\nWe have a pen.\r\n5. Digunakan sebelum kata benda tunggal yang digunakan sebagai contoh dari sebuah kelompok benda.\r\n\r\nContoh:\r\n\r\nan announcer must be able show teater of mind.\r\n6. Digunakan dalam penulisan jumlah tertentu.\r\n\r\nContoh:\r\n\r\na couple of parents.\r\n7. Digunakan untuk menyatakan harga satuan tertentu.\r\n\r\nContoh:\r\n\r\n$50 a kilo.\r\n8. Digunakan dalam kalimat seru.\r\n\r\nContoh:\r\n\r\nWhat a beautiful girl!\r\nItu dia beberapa cara dalam menggunakan articles pada bahasa Inggris.', 'Articles', '2023-03-19 11:41:45.063809', '2023-03-19 11:41:45.063809', 'PUBLISH'),
(13, 'Articles dalam Bahasa Inggris Tapi Bahasa Indonesia 1', 'Dalam 🔗belajar bahasa Inggris, sering kali ditemukan articles atau kata sandang di dalam sebuah kalimat 🔗bahasa Inggris. Articles sendiri dibedakan menjadi dua yaitu definite articles dan indefinite articles.\r\n\r\nDefinite articles adalah kata sandang tertentu yang berupa kata sandang ‘the’ dan digunakan pada bentuk-bentuk kata tertentu saja. Sedangkan indefinite articles adalah memakai kata sandang ‘a’ dan ‘an’ yang memiliki arti sebuah. Berikut ini penjelasan kedua 🔗artikel dalam bahasa Inggris.\r\n\r\n1. DEFINITE ARTICLES\r\nDefinite articles digunakan untuk bermacam-macam variasai.\r\n\r\n1. Digunakan untuk kata benda yang telah disebut pada kalimat sebelumnya.\r\n\r\nContoh:\r\n\r\nI have a book. The book is very interesting.\r\n2. Digunakan untuk menunjukan kitab suci, tempat, laut atau wilayah.\r\n\r\nContoh:\r\n\r\nThe sempu island.\r\n3. Digunakan untuk kata yang menunjukan bangsa atau orang secara kolektif.\r\n\r\nContoh:\r\n\r\nThe Javanese.\r\n4. Digunakan dalam bentuk superlative dan ordinal numbers.\r\n\r\nContoh:\r\n\r\nThe longest.\r\n5. Digunakan untuk nama keluarga dalam bentuk jamak yang berarti family.\r\n\r\nContoh:\r\n\r\nThe Cullen.\r\n6. Digunakan untuk nama benda yang hanya satu-satunya.\r\n\r\nContoh:\r\n\r\nThe sun.\r\nThe moon.\r\n2. INDEFINITE ARTICLES\r\nIndefinite articles dikelompokan dalam article ‘a’ dan ‘an’. Kata sandang ‘a’ digunakan untuk benda tunggal yang dimulai dengan bunyi konsonan sedangkan ‘an’ digunakan untuk kata-kata benda yang diawali dengan huruf vokal. Indefinite article digunakan dalam bermacam-macam variasi pula.\r\n\r\n1. Digunakan saat di depan nama pangkat atau jabatan.\r\n\r\nContoh:\r\n\r\na sailor.\r\n2. Digunakan di depan nama kebangsaan.\r\n\r\nContoh:\r\n\r\nan American.\r\n3. Digunakan di depan nama agama.\r\n\r\nContoh:\r\n\r\na Moslem.\r\n4. Digunakan untuk kata benda tunggal yang dapat dihitung.\r\n\r\nContoh:\r\n\r\nWe have a pen.\r\n5. Digunakan sebelum kata benda tunggal yang digunakan sebagai contoh dari sebuah kelompok benda.\r\n\r\nContoh:\r\n\r\nan announcer must be able show teater of mind.\r\n6. Digunakan dalam penulisan jumlah tertentu.\r\n\r\nContoh:\r\n\r\na couple of parents.\r\n7. Digunakan untuk menyatakan harga satuan tertentu.\r\n\r\nContoh:\r\n\r\n$50 a kilo.\r\n8. Digunakan dalam kalimat seru.\r\n\r\nContoh:\r\n\r\nWhat a beautiful girl!\r\nItu dia beberapa cara dalam menggunakan articles pada bahasa Inggris.', 'Articles', '2023-03-19 11:41:45.653983', '2023-03-19 11:41:45.653983', 'PUBLISH'),
(14, 'Articles dalam Bahasa Inggris Tapi Bahasa Indonesia 1', 'Dalam 🔗belajar bahasa Inggris, sering kali ditemukan articles atau kata sandang di dalam sebuah kalimat 🔗bahasa Inggris. Articles sendiri dibedakan menjadi dua yaitu definite articles dan indefinite articles.\r\n\r\nDefinite articles adalah kata sandang tertentu yang berupa kata sandang ‘the’ dan digunakan pada bentuk-bentuk kata tertentu saja. Sedangkan indefinite articles adalah memakai kata sandang ‘a’ dan ‘an’ yang memiliki arti sebuah. Berikut ini penjelasan kedua 🔗artikel dalam bahasa Inggris.\r\n\r\n1. DEFINITE ARTICLES\r\nDefinite articles digunakan untuk bermacam-macam variasai.\r\n\r\n1. Digunakan untuk kata benda yang telah disebut pada kalimat sebelumnya.\r\n\r\nContoh:\r\n\r\nI have a book. The book is very interesting.\r\n2. Digunakan untuk menunjukan kitab suci, tempat, laut atau wilayah.\r\n\r\nContoh:\r\n\r\nThe sempu island.\r\n3. Digunakan untuk kata yang menunjukan bangsa atau orang secara kolektif.\r\n\r\nContoh:\r\n\r\nThe Javanese.\r\n4. Digunakan dalam bentuk superlative dan ordinal numbers.\r\n\r\nContoh:\r\n\r\nThe longest.\r\n5. Digunakan untuk nama keluarga dalam bentuk jamak yang berarti family.\r\n\r\nContoh:\r\n\r\nThe Cullen.\r\n6. Digunakan untuk nama benda yang hanya satu-satunya.\r\n\r\nContoh:\r\n\r\nThe sun.\r\nThe moon.\r\n2. INDEFINITE ARTICLES\r\nIndefinite articles dikelompokan dalam article ‘a’ dan ‘an’. Kata sandang ‘a’ digunakan untuk benda tunggal yang dimulai dengan bunyi konsonan sedangkan ‘an’ digunakan untuk kata-kata benda yang diawali dengan huruf vokal. Indefinite article digunakan dalam bermacam-macam variasi pula.\r\n\r\n1. Digunakan saat di depan nama pangkat atau jabatan.\r\n\r\nContoh:\r\n\r\na sailor.\r\n2. Digunakan di depan nama kebangsaan.\r\n\r\nContoh:\r\n\r\nan American.\r\n3. Digunakan di depan nama agama.\r\n\r\nContoh:\r\n\r\na Moslem.\r\n4. Digunakan untuk kata benda tunggal yang dapat dihitung.\r\n\r\nContoh:\r\n\r\nWe have a pen.\r\n5. Digunakan sebelum kata benda tunggal yang digunakan sebagai contoh dari sebuah kelompok benda.\r\n\r\nContoh:\r\n\r\nan announcer must be able show teater of mind.\r\n6. Digunakan dalam penulisan jumlah tertentu.\r\n\r\nContoh:\r\n\r\na couple of parents.\r\n7. Digunakan untuk menyatakan harga satuan tertentu.\r\n\r\nContoh:\r\n\r\n$50 a kilo.\r\n8. Digunakan dalam kalimat seru.\r\n\r\nContoh:\r\n\r\nWhat a beautiful girl!\r\nItu dia beberapa cara dalam menggunakan articles pada bahasa Inggris.', 'Articles', '2023-03-19 11:41:46.232149', '2023-03-19 11:41:46.232149', 'PUBLISH'),
(15, 'Articles dalam Bahasa Inggris Tapi Bahasa Indonesia 1', 'Dalam 🔗belajar bahasa Inggris, sering kali ditemukan articles atau kata sandang di dalam sebuah kalimat 🔗bahasa Inggris. Articles sendiri dibedakan menjadi dua yaitu definite articles dan indefinite articles.\r\n\r\nDefinite articles adalah kata sandang tertentu yang berupa kata sandang ‘the’ dan digunakan pada bentuk-bentuk kata tertentu saja. Sedangkan indefinite articles adalah memakai kata sandang ‘a’ dan ‘an’ yang memiliki arti sebuah. Berikut ini penjelasan kedua 🔗artikel dalam bahasa Inggris.\r\n\r\n1. DEFINITE ARTICLES\r\nDefinite articles digunakan untuk bermacam-macam variasai.\r\n\r\n1. Digunakan untuk kata benda yang telah disebut pada kalimat sebelumnya.\r\n\r\nContoh:\r\n\r\nI have a book. The book is very interesting.\r\n2. Digunakan untuk menunjukan kitab suci, tempat, laut atau wilayah.\r\n\r\nContoh:\r\n\r\nThe sempu island.\r\n3. Digunakan untuk kata yang menunjukan bangsa atau orang secara kolektif.\r\n\r\nContoh:\r\n\r\nThe Javanese.\r\n4. Digunakan dalam bentuk superlative dan ordinal numbers.\r\n\r\nContoh:\r\n\r\nThe longest.\r\n5. Digunakan untuk nama keluarga dalam bentuk jamak yang berarti family.\r\n\r\nContoh:\r\n\r\nThe Cullen.\r\n6. Digunakan untuk nama benda yang hanya satu-satunya.\r\n\r\nContoh:\r\n\r\nThe sun.\r\nThe moon.\r\n2. INDEFINITE ARTICLES\r\nIndefinite articles dikelompokan dalam article ‘a’ dan ‘an’. Kata sandang ‘a’ digunakan untuk benda tunggal yang dimulai dengan bunyi konsonan sedangkan ‘an’ digunakan untuk kata-kata benda yang diawali dengan huruf vokal. Indefinite article digunakan dalam bermacam-macam variasi pula.\r\n\r\n1. Digunakan saat di depan nama pangkat atau jabatan.\r\n\r\nContoh:\r\n\r\na sailor.\r\n2. Digunakan di depan nama kebangsaan.\r\n\r\nContoh:\r\n\r\nan American.\r\n3. Digunakan di depan nama agama.\r\n\r\nContoh:\r\n\r\na Moslem.\r\n4. Digunakan untuk kata benda tunggal yang dapat dihitung.\r\n\r\nContoh:\r\n\r\nWe have a pen.\r\n5. Digunakan sebelum kata benda tunggal yang digunakan sebagai contoh dari sebuah kelompok benda.\r\n\r\nContoh:\r\n\r\nan announcer must be able show teater of mind.\r\n6. Digunakan dalam penulisan jumlah tertentu.\r\n\r\nContoh:\r\n\r\na couple of parents.\r\n7. Digunakan untuk menyatakan harga satuan tertentu.\r\n\r\nContoh:\r\n\r\n$50 a kilo.\r\n8. Digunakan dalam kalimat seru.\r\n\r\nContoh:\r\n\r\nWhat a beautiful girl!\r\nItu dia beberapa cara dalam menggunakan articles pada bahasa Inggris.', 'Articles', '2023-03-19 11:41:46.814834', '2023-03-19 11:41:46.814834', 'PUBLISH'),
(16, 'Articles dalam Bahasa Inggris Tapi Bahasa Indonesia 1', 'Dalam 🔗belajar bahasa Inggris, sering kali ditemukan articles atau kata sandang di dalam sebuah kalimat 🔗bahasa Inggris. Articles sendiri dibedakan menjadi dua yaitu definite articles dan indefinite articles.\r\n\r\nDefinite articles adalah kata sandang tertentu yang berupa kata sandang ‘the’ dan digunakan pada bentuk-bentuk kata tertentu saja. Sedangkan indefinite articles adalah memakai kata sandang ‘a’ dan ‘an’ yang memiliki arti sebuah. Berikut ini penjelasan kedua 🔗artikel dalam bahasa Inggris.\r\n\r\n1. DEFINITE ARTICLES\r\nDefinite articles digunakan untuk bermacam-macam variasai.\r\n\r\n1. Digunakan untuk kata benda yang telah disebut pada kalimat sebelumnya.\r\n\r\nContoh:\r\n\r\nI have a book. The book is very interesting.\r\n2. Digunakan untuk menunjukan kitab suci, tempat, laut atau wilayah.\r\n\r\nContoh:\r\n\r\nThe sempu island.\r\n3. Digunakan untuk kata yang menunjukan bangsa atau orang secara kolektif.\r\n\r\nContoh:\r\n\r\nThe Javanese.\r\n4. Digunakan dalam bentuk superlative dan ordinal numbers.\r\n\r\nContoh:\r\n\r\nThe longest.\r\n5. Digunakan untuk nama keluarga dalam bentuk jamak yang berarti family.\r\n\r\nContoh:\r\n\r\nThe Cullen.\r\n6. Digunakan untuk nama benda yang hanya satu-satunya.\r\n\r\nContoh:\r\n\r\nThe sun.\r\nThe moon.\r\n2. INDEFINITE ARTICLES\r\nIndefinite articles dikelompokan dalam article ‘a’ dan ‘an’. Kata sandang ‘a’ digunakan untuk benda tunggal yang dimulai dengan bunyi konsonan sedangkan ‘an’ digunakan untuk kata-kata benda yang diawali dengan huruf vokal. Indefinite article digunakan dalam bermacam-macam variasi pula.\r\n\r\n1. Digunakan saat di depan nama pangkat atau jabatan.\r\n\r\nContoh:\r\n\r\na sailor.\r\n2. Digunakan di depan nama kebangsaan.\r\n\r\nContoh:\r\n\r\nan American.\r\n3. Digunakan di depan nama agama.\r\n\r\nContoh:\r\n\r\na Moslem.\r\n4. Digunakan untuk kata benda tunggal yang dapat dihitung.\r\n\r\nContoh:\r\n\r\nWe have a pen.\r\n5. Digunakan sebelum kata benda tunggal yang digunakan sebagai contoh dari sebuah kelompok benda.\r\n\r\nContoh:\r\n\r\nan announcer must be able show teater of mind.\r\n6. Digunakan dalam penulisan jumlah tertentu.\r\n\r\nContoh:\r\n\r\na couple of parents.\r\n7. Digunakan untuk menyatakan harga satuan tertentu.\r\n\r\nContoh:\r\n\r\n$50 a kilo.\r\n8. Digunakan dalam kalimat seru.\r\n\r\nContoh:\r\n\r\nWhat a beautiful girl!\r\nItu dia beberapa cara dalam menggunakan articles pada bahasa Inggris.', 'Articles', '2023-03-19 11:41:47.423229', '2023-03-19 11:41:47.423229', 'PUBLISH'),
(17, 'Articles dalam Bahasa Inggris Tapi Bahasa Indonesia 1', 'Dalam 🔗belajar bahasa Inggris, sering kali ditemukan articles atau kata sandang di dalam sebuah kalimat 🔗bahasa Inggris. Articles sendiri dibedakan menjadi dua yaitu definite articles dan indefinite articles.\r\n\r\nDefinite articles adalah kata sandang tertentu yang berupa kata sandang ‘the’ dan digunakan pada bentuk-bentuk kata tertentu saja. Sedangkan indefinite articles adalah memakai kata sandang ‘a’ dan ‘an’ yang memiliki arti sebuah. Berikut ini penjelasan kedua 🔗artikel dalam bahasa Inggris.\r\n\r\n1. DEFINITE ARTICLES\r\nDefinite articles digunakan untuk bermacam-macam variasai.\r\n\r\n1. Digunakan untuk kata benda yang telah disebut pada kalimat sebelumnya.\r\n\r\nContoh:\r\n\r\nI have a book. The book is very interesting.\r\n2. Digunakan untuk menunjukan kitab suci, tempat, laut atau wilayah.\r\n\r\nContoh:\r\n\r\nThe sempu island.\r\n3. Digunakan untuk kata yang menunjukan bangsa atau orang secara kolektif.\r\n\r\nContoh:\r\n\r\nThe Javanese.\r\n4. Digunakan dalam bentuk superlative dan ordinal numbers.\r\n\r\nContoh:\r\n\r\nThe longest.\r\n5. Digunakan untuk nama keluarga dalam bentuk jamak yang berarti family.\r\n\r\nContoh:\r\n\r\nThe Cullen.\r\n6. Digunakan untuk nama benda yang hanya satu-satunya.\r\n\r\nContoh:\r\n\r\nThe sun.\r\nThe moon.\r\n2. INDEFINITE ARTICLES\r\nIndefinite articles dikelompokan dalam article ‘a’ dan ‘an’. Kata sandang ‘a’ digunakan untuk benda tunggal yang dimulai dengan bunyi konsonan sedangkan ‘an’ digunakan untuk kata-kata benda yang diawali dengan huruf vokal. Indefinite article digunakan dalam bermacam-macam variasi pula.\r\n\r\n1. Digunakan saat di depan nama pangkat atau jabatan.\r\n\r\nContoh:\r\n\r\na sailor.\r\n2. Digunakan di depan nama kebangsaan.\r\n\r\nContoh:\r\n\r\nan American.\r\n3. Digunakan di depan nama agama.\r\n\r\nContoh:\r\n\r\na Moslem.\r\n4. Digunakan untuk kata benda tunggal yang dapat dihitung.\r\n\r\nContoh:\r\n\r\nWe have a pen.\r\n5. Digunakan sebelum kata benda tunggal yang digunakan sebagai contoh dari sebuah kelompok benda.\r\n\r\nContoh:\r\n\r\nan announcer must be able show teater of mind.\r\n6. Digunakan dalam penulisan jumlah tertentu.\r\n\r\nContoh:\r\n\r\na couple of parents.\r\n7. Digunakan untuk menyatakan harga satuan tertentu.\r\n\r\nContoh:\r\n\r\n$50 a kilo.\r\n8. Digunakan dalam kalimat seru.\r\n\r\nContoh:\r\n\r\nWhat a beautiful girl!\r\nItu dia beberapa cara dalam menggunakan articles pada bahasa Inggris.', 'Articles', '2023-03-19 11:41:47.999584', '2023-03-19 11:41:47.999584', 'PUBLISH'),
(18, 'Articles dalam Bahasa Inggris Tapi Bahasa Indonesia 1', 'Dalam 🔗belajar bahasa Inggris, sering kali ditemukan articles atau kata sandang di dalam sebuah kalimat 🔗bahasa Inggris. Articles sendiri dibedakan menjadi dua yaitu definite articles dan indefinite articles.\r\n\r\nDefinite articles adalah kata sandang tertentu yang berupa kata sandang ‘the’ dan digunakan pada bentuk-bentuk kata tertentu saja. Sedangkan indefinite articles adalah memakai kata sandang ‘a’ dan ‘an’ yang memiliki arti sebuah. Berikut ini penjelasan kedua 🔗artikel dalam bahasa Inggris.\r\n\r\n1. DEFINITE ARTICLES\r\nDefinite articles digunakan untuk bermacam-macam variasai.\r\n\r\n1. Digunakan untuk kata benda yang telah disebut pada kalimat sebelumnya.\r\n\r\nContoh:\r\n\r\nI have a book. The book is very interesting.\r\n2. Digunakan untuk menunjukan kitab suci, tempat, laut atau wilayah.\r\n\r\nContoh:\r\n\r\nThe sempu island.\r\n3. Digunakan untuk kata yang menunjukan bangsa atau orang secara kolektif.\r\n\r\nContoh:\r\n\r\nThe Javanese.\r\n4. Digunakan dalam bentuk superlative dan ordinal numbers.\r\n\r\nContoh:\r\n\r\nThe longest.\r\n5. Digunakan untuk nama keluarga dalam bentuk jamak yang berarti family.\r\n\r\nContoh:\r\n\r\nThe Cullen.\r\n6. Digunakan untuk nama benda yang hanya satu-satunya.\r\n\r\nContoh:\r\n\r\nThe sun.\r\nThe moon.\r\n2. INDEFINITE ARTICLES\r\nIndefinite articles dikelompokan dalam article ‘a’ dan ‘an’. Kata sandang ‘a’ digunakan untuk benda tunggal yang dimulai dengan bunyi konsonan sedangkan ‘an’ digunakan untuk kata-kata benda yang diawali dengan huruf vokal. Indefinite article digunakan dalam bermacam-macam variasi pula.\r\n\r\n1. Digunakan saat di depan nama pangkat atau jabatan.\r\n\r\nContoh:\r\n\r\na sailor.\r\n2. Digunakan di depan nama kebangsaan.\r\n\r\nContoh:\r\n\r\nan American.\r\n3. Digunakan di depan nama agama.\r\n\r\nContoh:\r\n\r\na Moslem.\r\n4. Digunakan untuk kata benda tunggal yang dapat dihitung.\r\n\r\nContoh:\r\n\r\nWe have a pen.\r\n5. Digunakan sebelum kata benda tunggal yang digunakan sebagai contoh dari sebuah kelompok benda.\r\n\r\nContoh:\r\n\r\nan announcer must be able show teater of mind.\r\n6. Digunakan dalam penulisan jumlah tertentu.\r\n\r\nContoh:\r\n\r\na couple of parents.\r\n7. Digunakan untuk menyatakan harga satuan tertentu.\r\n\r\nContoh:\r\n\r\n$50 a kilo.\r\n8. Digunakan dalam kalimat seru.\r\n\r\nContoh:\r\n\r\nWhat a beautiful girl!\r\nItu dia beberapa cara dalam menggunakan articles pada bahasa Inggris.', 'Articles', '2023-03-19 11:41:48.619246', '2023-03-19 11:41:48.619246', 'PUBLISH'),
(19, 'Articles dalam Bahasa Inggris Tapi Bahasa Indonesia 1', 'Dalam 🔗belajar bahasa Inggris, sering kali ditemukan articles atau kata sandang di dalam sebuah kalimat 🔗bahasa Inggris. Articles sendiri dibedakan menjadi dua yaitu definite articles dan indefinite articles.\r\n\r\nDefinite articles adalah kata sandang tertentu yang berupa kata sandang ‘the’ dan digunakan pada bentuk-bentuk kata tertentu saja. Sedangkan indefinite articles adalah memakai kata sandang ‘a’ dan ‘an’ yang memiliki arti sebuah. Berikut ini penjelasan kedua 🔗artikel dalam bahasa Inggris.\r\n\r\n1. DEFINITE ARTICLES\r\nDefinite articles digunakan untuk bermacam-macam variasai.\r\n\r\n1. Digunakan untuk kata benda yang telah disebut pada kalimat sebelumnya.\r\n\r\nContoh:\r\n\r\nI have a book. The book is very interesting.\r\n2. Digunakan untuk menunjukan kitab suci, tempat, laut atau wilayah.\r\n\r\nContoh:\r\n\r\nThe sempu island.\r\n3. Digunakan untuk kata yang menunjukan bangsa atau orang secara kolektif.\r\n\r\nContoh:\r\n\r\nThe Javanese.\r\n4. Digunakan dalam bentuk superlative dan ordinal numbers.\r\n\r\nContoh:\r\n\r\nThe longest.\r\n5. Digunakan untuk nama keluarga dalam bentuk jamak yang berarti family.\r\n\r\nContoh:\r\n\r\nThe Cullen.\r\n6. Digunakan untuk nama benda yang hanya satu-satunya.\r\n\r\nContoh:\r\n\r\nThe sun.\r\nThe moon.\r\n2. INDEFINITE ARTICLES\r\nIndefinite articles dikelompokan dalam article ‘a’ dan ‘an’. Kata sandang ‘a’ digunakan untuk benda tunggal yang dimulai dengan bunyi konsonan sedangkan ‘an’ digunakan untuk kata-kata benda yang diawali dengan huruf vokal. Indefinite article digunakan dalam bermacam-macam variasi pula.\r\n\r\n1. Digunakan saat di depan nama pangkat atau jabatan.\r\n\r\nContoh:\r\n\r\na sailor.\r\n2. Digunakan di depan nama kebangsaan.\r\n\r\nContoh:\r\n\r\nan American.\r\n3. Digunakan di depan nama agama.\r\n\r\nContoh:\r\n\r\na Moslem.\r\n4. Digunakan untuk kata benda tunggal yang dapat dihitung.\r\n\r\nContoh:\r\n\r\nWe have a pen.\r\n5. Digunakan sebelum kata benda tunggal yang digunakan sebagai contoh dari sebuah kelompok benda.\r\n\r\nContoh:\r\n\r\nan announcer must be able show teater of mind.\r\n6. Digunakan dalam penulisan jumlah tertentu.\r\n\r\nContoh:\r\n\r\na couple of parents.\r\n7. Digunakan untuk menyatakan harga satuan tertentu.\r\n\r\nContoh:\r\n\r\n$50 a kilo.\r\n8. Digunakan dalam kalimat seru.\r\n\r\nContoh:\r\n\r\nWhat a beautiful girl!\r\nItu dia beberapa cara dalam menggunakan articles pada bahasa Inggris.', 'Articles', '2023-03-19 11:41:49.221073', '2023-03-19 11:41:49.221073', 'PUBLISH'),
(20, 'Articles dalam Bahasa Inggris Tapi Bahasa Indonesia 1', 'Dalam 🔗belajar bahasa Inggris, sering kali ditemukan articles atau kata sandang di dalam sebuah kalimat 🔗bahasa Inggris. Articles sendiri dibedakan menjadi dua yaitu definite articles dan indefinite articles.\r\n\r\nDefinite articles adalah kata sandang tertentu yang berupa kata sandang ‘the’ dan digunakan pada bentuk-bentuk kata tertentu saja. Sedangkan indefinite articles adalah memakai kata sandang ‘a’ dan ‘an’ yang memiliki arti sebuah. Berikut ini penjelasan kedua 🔗artikel dalam bahasa Inggris.\r\n\r\n1. DEFINITE ARTICLES\r\nDefinite articles digunakan untuk bermacam-macam variasai.\r\n\r\n1. Digunakan untuk kata benda yang telah disebut pada kalimat sebelumnya.\r\n\r\nContoh:\r\n\r\nI have a book. The book is very interesting.\r\n2. Digunakan untuk menunjukan kitab suci, tempat, laut atau wilayah.\r\n\r\nContoh:\r\n\r\nThe sempu island.\r\n3. Digunakan untuk kata yang menunjukan bangsa atau orang secara kolektif.\r\n\r\nContoh:\r\n\r\nThe Javanese.\r\n4. Digunakan dalam bentuk superlative dan ordinal numbers.\r\n\r\nContoh:\r\n\r\nThe longest.\r\n5. Digunakan untuk nama keluarga dalam bentuk jamak yang berarti family.\r\n\r\nContoh:\r\n\r\nThe Cullen.\r\n6. Digunakan untuk nama benda yang hanya satu-satunya.\r\n\r\nContoh:\r\n\r\nThe sun.\r\nThe moon.\r\n2. INDEFINITE ARTICLES\r\nIndefinite articles dikelompokan dalam article ‘a’ dan ‘an’. Kata sandang ‘a’ digunakan untuk benda tunggal yang dimulai dengan bunyi konsonan sedangkan ‘an’ digunakan untuk kata-kata benda yang diawali dengan huruf vokal. Indefinite article digunakan dalam bermacam-macam variasi pula.\r\n\r\n1. Digunakan saat di depan nama pangkat atau jabatan.\r\n\r\nContoh:\r\n\r\na sailor.\r\n2. Digunakan di depan nama kebangsaan.\r\n\r\nContoh:\r\n\r\nan American.\r\n3. Digunakan di depan nama agama.\r\n\r\nContoh:\r\n\r\na Moslem.\r\n4. Digunakan untuk kata benda tunggal yang dapat dihitung.\r\n\r\nContoh:\r\n\r\nWe have a pen.\r\n5. Digunakan sebelum kata benda tunggal yang digunakan sebagai contoh dari sebuah kelompok benda.\r\n\r\nContoh:\r\n\r\nan announcer must be able show teater of mind.\r\n6. Digunakan dalam penulisan jumlah tertentu.\r\n\r\nContoh:\r\n\r\na couple of parents.\r\n7. Digunakan untuk menyatakan harga satuan tertentu.\r\n\r\nContoh:\r\n\r\n$50 a kilo.\r\n8. Digunakan dalam kalimat seru.\r\n\r\nContoh:\r\n\r\nWhat a beautiful girl!\r\nItu dia beberapa cara dalam menggunakan articles pada bahasa Inggris.', 'Articles', '2023-03-19 11:41:49.797480', '2023-03-19 11:41:49.797480', 'PUBLISH');
INSERT INTO `posts_posts` (`Id`, `Title`, `Content`, `Category`, `Created_date`, `Updated_date`, `Status`) VALUES
(21, 'Articles dalam Bahasa Inggris Tapi Bahasa Indonesia 1', 'Dalam 🔗belajar bahasa Inggris, sering kali ditemukan articles atau kata sandang di dalam sebuah kalimat 🔗bahasa Inggris. Articles sendiri dibedakan menjadi dua yaitu definite articles dan indefinite articles.\r\n\r\nDefinite articles adalah kata sandang tertentu yang berupa kata sandang ‘the’ dan digunakan pada bentuk-bentuk kata tertentu saja. Sedangkan indefinite articles adalah memakai kata sandang ‘a’ dan ‘an’ yang memiliki arti sebuah. Berikut ini penjelasan kedua 🔗artikel dalam bahasa Inggris.\r\n\r\n1. DEFINITE ARTICLES\r\nDefinite articles digunakan untuk bermacam-macam variasai.\r\n\r\n1. Digunakan untuk kata benda yang telah disebut pada kalimat sebelumnya.\r\n\r\nContoh:\r\n\r\nI have a book. The book is very interesting.\r\n2. Digunakan untuk menunjukan kitab suci, tempat, laut atau wilayah.\r\n\r\nContoh:\r\n\r\nThe sempu island.\r\n3. Digunakan untuk kata yang menunjukan bangsa atau orang secara kolektif.\r\n\r\nContoh:\r\n\r\nThe Javanese.\r\n4. Digunakan dalam bentuk superlative dan ordinal numbers.\r\n\r\nContoh:\r\n\r\nThe longest.\r\n5. Digunakan untuk nama keluarga dalam bentuk jamak yang berarti family.\r\n\r\nContoh:\r\n\r\nThe Cullen.\r\n6. Digunakan untuk nama benda yang hanya satu-satunya.\r\n\r\nContoh:\r\n\r\nThe sun.\r\nThe moon.\r\n2. INDEFINITE ARTICLES\r\nIndefinite articles dikelompokan dalam article ‘a’ dan ‘an’. Kata sandang ‘a’ digunakan untuk benda tunggal yang dimulai dengan bunyi konsonan sedangkan ‘an’ digunakan untuk kata-kata benda yang diawali dengan huruf vokal. Indefinite article digunakan dalam bermacam-macam variasi pula.\r\n\r\n1. Digunakan saat di depan nama pangkat atau jabatan.\r\n\r\nContoh:\r\n\r\na sailor.\r\n2. Digunakan di depan nama kebangsaan.\r\n\r\nContoh:\r\n\r\nan American.\r\n3. Digunakan di depan nama agama.\r\n\r\nContoh:\r\n\r\na Moslem.\r\n4. Digunakan untuk kata benda tunggal yang dapat dihitung.\r\n\r\nContoh:\r\n\r\nWe have a pen.\r\n5. Digunakan sebelum kata benda tunggal yang digunakan sebagai contoh dari sebuah kelompok benda.\r\n\r\nContoh:\r\n\r\nan announcer must be able show teater of mind.\r\n6. Digunakan dalam penulisan jumlah tertentu.\r\n\r\nContoh:\r\n\r\na couple of parents.\r\n7. Digunakan untuk menyatakan harga satuan tertentu.\r\n\r\nContoh:\r\n\r\n$50 a kilo.\r\n8. Digunakan dalam kalimat seru.\r\n\r\nContoh:\r\n\r\nWhat a beautiful girl!\r\nItu dia beberapa cara dalam menggunakan articles pada bahasa Inggris.', 'Articles', '2023-03-19 11:41:50.372524', '2023-03-19 11:41:50.372524', 'PUBLISH'),
(22, 'Articles dalam Bahasa Inggris Tapi Bahasa Indonesia 1', 'Dalam 🔗belajar bahasa Inggris, sering kali ditemukan articles atau kata sandang di dalam sebuah kalimat 🔗bahasa Inggris. Articles sendiri dibedakan menjadi dua yaitu definite articles dan indefinite articles.\r\n\r\nDefinite articles adalah kata sandang tertentu yang berupa kata sandang ‘the’ dan digunakan pada bentuk-bentuk kata tertentu saja. Sedangkan indefinite articles adalah memakai kata sandang ‘a’ dan ‘an’ yang memiliki arti sebuah. Berikut ini penjelasan kedua 🔗artikel dalam bahasa Inggris.\r\n\r\n1. DEFINITE ARTICLES\r\nDefinite articles digunakan untuk bermacam-macam variasai.\r\n\r\n1. Digunakan untuk kata benda yang telah disebut pada kalimat sebelumnya.\r\n\r\nContoh:\r\n\r\nI have a book. The book is very interesting.\r\n2. Digunakan untuk menunjukan kitab suci, tempat, laut atau wilayah.\r\n\r\nContoh:\r\n\r\nThe sempu island.\r\n3. Digunakan untuk kata yang menunjukan bangsa atau orang secara kolektif.\r\n\r\nContoh:\r\n\r\nThe Javanese.\r\n4. Digunakan dalam bentuk superlative dan ordinal numbers.\r\n\r\nContoh:\r\n\r\nThe longest.\r\n5. Digunakan untuk nama keluarga dalam bentuk jamak yang berarti family.\r\n\r\nContoh:\r\n\r\nThe Cullen.\r\n6. Digunakan untuk nama benda yang hanya satu-satunya.\r\n\r\nContoh:\r\n\r\nThe sun.\r\nThe moon.\r\n2. INDEFINITE ARTICLES\r\nIndefinite articles dikelompokan dalam article ‘a’ dan ‘an’. Kata sandang ‘a’ digunakan untuk benda tunggal yang dimulai dengan bunyi konsonan sedangkan ‘an’ digunakan untuk kata-kata benda yang diawali dengan huruf vokal. Indefinite article digunakan dalam bermacam-macam variasi pula.\r\n\r\n1. Digunakan saat di depan nama pangkat atau jabatan.\r\n\r\nContoh:\r\n\r\na sailor.\r\n2. Digunakan di depan nama kebangsaan.\r\n\r\nContoh:\r\n\r\nan American.\r\n3. Digunakan di depan nama agama.\r\n\r\nContoh:\r\n\r\na Moslem.\r\n4. Digunakan untuk kata benda tunggal yang dapat dihitung.\r\n\r\nContoh:\r\n\r\nWe have a pen.\r\n5. Digunakan sebelum kata benda tunggal yang digunakan sebagai contoh dari sebuah kelompok benda.\r\n\r\nContoh:\r\n\r\nan announcer must be able show teater of mind.\r\n6. Digunakan dalam penulisan jumlah tertentu.\r\n\r\nContoh:\r\n\r\na couple of parents.\r\n7. Digunakan untuk menyatakan harga satuan tertentu.\r\n\r\nContoh:\r\n\r\n$50 a kilo.\r\n8. Digunakan dalam kalimat seru.\r\n\r\nContoh:\r\n\r\nWhat a beautiful girl!\r\nItu dia beberapa cara dalam menggunakan articles pada bahasa Inggris.', 'Articles', '2023-03-19 11:41:50.979218', '2023-03-19 11:41:50.979218', 'PUBLISH'),
(23, 'Articles dalam Bahasa Inggris Tapi Bahasa Indonesia 1', 'Dalam 🔗belajar bahasa Inggris, sering kali ditemukan articles atau kata sandang di dalam sebuah kalimat 🔗bahasa Inggris. Articles sendiri dibedakan menjadi dua yaitu definite articles dan indefinite articles.\r\n\r\nDefinite articles adalah kata sandang tertentu yang berupa kata sandang ‘the’ dan digunakan pada bentuk-bentuk kata tertentu saja. Sedangkan indefinite articles adalah memakai kata sandang ‘a’ dan ‘an’ yang memiliki arti sebuah. Berikut ini penjelasan kedua 🔗artikel dalam bahasa Inggris.\r\n\r\n1. DEFINITE ARTICLES\r\nDefinite articles digunakan untuk bermacam-macam variasai.\r\n\r\n1. Digunakan untuk kata benda yang telah disebut pada kalimat sebelumnya.\r\n\r\nContoh:\r\n\r\nI have a book. The book is very interesting.\r\n2. Digunakan untuk menunjukan kitab suci, tempat, laut atau wilayah.\r\n\r\nContoh:\r\n\r\nThe sempu island.\r\n3. Digunakan untuk kata yang menunjukan bangsa atau orang secara kolektif.\r\n\r\nContoh:\r\n\r\nThe Javanese.\r\n4. Digunakan dalam bentuk superlative dan ordinal numbers.\r\n\r\nContoh:\r\n\r\nThe longest.\r\n5. Digunakan untuk nama keluarga dalam bentuk jamak yang berarti family.\r\n\r\nContoh:\r\n\r\nThe Cullen.\r\n6. Digunakan untuk nama benda yang hanya satu-satunya.\r\n\r\nContoh:\r\n\r\nThe sun.\r\nThe moon.\r\n2. INDEFINITE ARTICLES\r\nIndefinite articles dikelompokan dalam article ‘a’ dan ‘an’. Kata sandang ‘a’ digunakan untuk benda tunggal yang dimulai dengan bunyi konsonan sedangkan ‘an’ digunakan untuk kata-kata benda yang diawali dengan huruf vokal. Indefinite article digunakan dalam bermacam-macam variasi pula.\r\n\r\n1. Digunakan saat di depan nama pangkat atau jabatan.\r\n\r\nContoh:\r\n\r\na sailor.\r\n2. Digunakan di depan nama kebangsaan.\r\n\r\nContoh:\r\n\r\nan American.\r\n3. Digunakan di depan nama agama.\r\n\r\nContoh:\r\n\r\na Moslem.\r\n4. Digunakan untuk kata benda tunggal yang dapat dihitung.\r\n\r\nContoh:\r\n\r\nWe have a pen.\r\n5. Digunakan sebelum kata benda tunggal yang digunakan sebagai contoh dari sebuah kelompok benda.\r\n\r\nContoh:\r\n\r\nan announcer must be able show teater of mind.\r\n6. Digunakan dalam penulisan jumlah tertentu.\r\n\r\nContoh:\r\n\r\na couple of parents.\r\n7. Digunakan untuk menyatakan harga satuan tertentu.\r\n\r\nContoh:\r\n\r\n$50 a kilo.\r\n8. Digunakan dalam kalimat seru.\r\n\r\nContoh:\r\n\r\nWhat a beautiful girl!\r\nItu dia beberapa cara dalam menggunakan articles pada bahasa Inggris.', 'Articles', '2023-03-19 11:41:51.524420', '2023-03-19 11:41:51.524420', 'PUBLISH'),
(24, 'Articles dalam Bahasa Inggris Tapi Bahasa Indonesia 1', 'Dalam 🔗belajar bahasa Inggris, sering kali ditemukan articles atau kata sandang di dalam sebuah kalimat 🔗bahasa Inggris. Articles sendiri dibedakan menjadi dua yaitu definite articles dan indefinite articles.\r\n\r\nDefinite articles adalah kata sandang tertentu yang berupa kata sandang ‘the’ dan digunakan pada bentuk-bentuk kata tertentu saja. Sedangkan indefinite articles adalah memakai kata sandang ‘a’ dan ‘an’ yang memiliki arti sebuah. Berikut ini penjelasan kedua 🔗artikel dalam bahasa Inggris.\r\n\r\n1. DEFINITE ARTICLES\r\nDefinite articles digunakan untuk bermacam-macam variasai.\r\n\r\n1. Digunakan untuk kata benda yang telah disebut pada kalimat sebelumnya.\r\n\r\nContoh:\r\n\r\nI have a book. The book is very interesting.\r\n2. Digunakan untuk menunjukan kitab suci, tempat, laut atau wilayah.\r\n\r\nContoh:\r\n\r\nThe sempu island.\r\n3. Digunakan untuk kata yang menunjukan bangsa atau orang secara kolektif.\r\n\r\nContoh:\r\n\r\nThe Javanese.\r\n4. Digunakan dalam bentuk superlative dan ordinal numbers.\r\n\r\nContoh:\r\n\r\nThe longest.\r\n5. Digunakan untuk nama keluarga dalam bentuk jamak yang berarti family.\r\n\r\nContoh:\r\n\r\nThe Cullen.\r\n6. Digunakan untuk nama benda yang hanya satu-satunya.\r\n\r\nContoh:\r\n\r\nThe sun.\r\nThe moon.\r\n2. INDEFINITE ARTICLES\r\nIndefinite articles dikelompokan dalam article ‘a’ dan ‘an’. Kata sandang ‘a’ digunakan untuk benda tunggal yang dimulai dengan bunyi konsonan sedangkan ‘an’ digunakan untuk kata-kata benda yang diawali dengan huruf vokal. Indefinite article digunakan dalam bermacam-macam variasi pula.\r\n\r\n1. Digunakan saat di depan nama pangkat atau jabatan.\r\n\r\nContoh:\r\n\r\na sailor.\r\n2. Digunakan di depan nama kebangsaan.\r\n\r\nContoh:\r\n\r\nan American.\r\n3. Digunakan di depan nama agama.\r\n\r\nContoh:\r\n\r\na Moslem.\r\n4. Digunakan untuk kata benda tunggal yang dapat dihitung.\r\n\r\nContoh:\r\n\r\nWe have a pen.\r\n5. Digunakan sebelum kata benda tunggal yang digunakan sebagai contoh dari sebuah kelompok benda.\r\n\r\nContoh:\r\n\r\nan announcer must be able show teater of mind.\r\n6. Digunakan dalam penulisan jumlah tertentu.\r\n\r\nContoh:\r\n\r\na couple of parents.\r\n7. Digunakan untuk menyatakan harga satuan tertentu.\r\n\r\nContoh:\r\n\r\n$50 a kilo.\r\n8. Digunakan dalam kalimat seru.\r\n\r\nContoh:\r\n\r\nWhat a beautiful girl!\r\nItu dia beberapa cara dalam menggunakan articles pada bahasa Inggris.', 'Articles', '2023-03-19 11:41:52.131429', '2023-03-19 11:41:52.131429', 'PUBLISH'),
(25, 'Articles dalam Bahasa Inggris Tapi Bahasa Indonesia 1', 'Dalam 🔗belajar bahasa Inggris, sering kali ditemukan articles atau kata sandang di dalam sebuah kalimat 🔗bahasa Inggris. Articles sendiri dibedakan menjadi dua yaitu definite articles dan indefinite articles.\r\n\r\nDefinite articles adalah kata sandang tertentu yang berupa kata sandang ‘the’ dan digunakan pada bentuk-bentuk kata tertentu saja. Sedangkan indefinite articles adalah memakai kata sandang ‘a’ dan ‘an’ yang memiliki arti sebuah. Berikut ini penjelasan kedua 🔗artikel dalam bahasa Inggris.\r\n\r\n1. DEFINITE ARTICLES\r\nDefinite articles digunakan untuk bermacam-macam variasai.\r\n\r\n1. Digunakan untuk kata benda yang telah disebut pada kalimat sebelumnya.\r\n\r\nContoh:\r\n\r\nI have a book. The book is very interesting.\r\n2. Digunakan untuk menunjukan kitab suci, tempat, laut atau wilayah.\r\n\r\nContoh:\r\n\r\nThe sempu island.\r\n3. Digunakan untuk kata yang menunjukan bangsa atau orang secara kolektif.\r\n\r\nContoh:\r\n\r\nThe Javanese.\r\n4. Digunakan dalam bentuk superlative dan ordinal numbers.\r\n\r\nContoh:\r\n\r\nThe longest.\r\n5. Digunakan untuk nama keluarga dalam bentuk jamak yang berarti family.\r\n\r\nContoh:\r\n\r\nThe Cullen.\r\n6. Digunakan untuk nama benda yang hanya satu-satunya.\r\n\r\nContoh:\r\n\r\nThe sun.\r\nThe moon.\r\n2. INDEFINITE ARTICLES\r\nIndefinite articles dikelompokan dalam article ‘a’ dan ‘an’. Kata sandang ‘a’ digunakan untuk benda tunggal yang dimulai dengan bunyi konsonan sedangkan ‘an’ digunakan untuk kata-kata benda yang diawali dengan huruf vokal. Indefinite article digunakan dalam bermacam-macam variasi pula.\r\n\r\n1. Digunakan saat di depan nama pangkat atau jabatan.\r\n\r\nContoh:\r\n\r\na sailor.\r\n2. Digunakan di depan nama kebangsaan.\r\n\r\nContoh:\r\n\r\nan American.\r\n3. Digunakan di depan nama agama.\r\n\r\nContoh:\r\n\r\na Moslem.\r\n4. Digunakan untuk kata benda tunggal yang dapat dihitung.\r\n\r\nContoh:\r\n\r\nWe have a pen.\r\n5. Digunakan sebelum kata benda tunggal yang digunakan sebagai contoh dari sebuah kelompok benda.\r\n\r\nContoh:\r\n\r\nan announcer must be able show teater of mind.\r\n6. Digunakan dalam penulisan jumlah tertentu.\r\n\r\nContoh:\r\n\r\na couple of parents.\r\n7. Digunakan untuk menyatakan harga satuan tertentu.\r\n\r\nContoh:\r\n\r\n$50 a kilo.\r\n8. Digunakan dalam kalimat seru.\r\n\r\nContoh:\r\n\r\nWhat a beautiful girl!\r\nItu dia beberapa cara dalam menggunakan articles pada bahasa Inggris.', 'Articles', '2023-03-19 11:41:52.722683', '2023-03-19 11:41:52.722683', 'PUBLISH'),
(26, 'Articles dalam Bahasa Inggris Tapi Bahasa Indonesia 1', 'Dalam 🔗belajar bahasa Inggris, sering kali ditemukan articles atau kata sandang di dalam sebuah kalimat 🔗bahasa Inggris. Articles sendiri dibedakan menjadi dua yaitu definite articles dan indefinite articles.\r\n\r\nDefinite articles adalah kata sandang tertentu yang berupa kata sandang ‘the’ dan digunakan pada bentuk-bentuk kata tertentu saja. Sedangkan indefinite articles adalah memakai kata sandang ‘a’ dan ‘an’ yang memiliki arti sebuah. Berikut ini penjelasan kedua 🔗artikel dalam bahasa Inggris.\r\n\r\n1. DEFINITE ARTICLES\r\nDefinite articles digunakan untuk bermacam-macam variasai.\r\n\r\n1. Digunakan untuk kata benda yang telah disebut pada kalimat sebelumnya.\r\n\r\nContoh:\r\n\r\nI have a book. The book is very interesting.\r\n2. Digunakan untuk menunjukan kitab suci, tempat, laut atau wilayah.\r\n\r\nContoh:\r\n\r\nThe sempu island.\r\n3. Digunakan untuk kata yang menunjukan bangsa atau orang secara kolektif.\r\n\r\nContoh:\r\n\r\nThe Javanese.\r\n4. Digunakan dalam bentuk superlative dan ordinal numbers.\r\n\r\nContoh:\r\n\r\nThe longest.\r\n5. Digunakan untuk nama keluarga dalam bentuk jamak yang berarti family.\r\n\r\nContoh:\r\n\r\nThe Cullen.\r\n6. Digunakan untuk nama benda yang hanya satu-satunya.\r\n\r\nContoh:\r\n\r\nThe sun.\r\nThe moon.\r\n2. INDEFINITE ARTICLES\r\nIndefinite articles dikelompokan dalam article ‘a’ dan ‘an’. Kata sandang ‘a’ digunakan untuk benda tunggal yang dimulai dengan bunyi konsonan sedangkan ‘an’ digunakan untuk kata-kata benda yang diawali dengan huruf vokal. Indefinite article digunakan dalam bermacam-macam variasi pula.\r\n\r\n1. Digunakan saat di depan nama pangkat atau jabatan.\r\n\r\nContoh:\r\n\r\na sailor.\r\n2. Digunakan di depan nama kebangsaan.\r\n\r\nContoh:\r\n\r\nan American.\r\n3. Digunakan di depan nama agama.\r\n\r\nContoh:\r\n\r\na Moslem.\r\n4. Digunakan untuk kata benda tunggal yang dapat dihitung.\r\n\r\nContoh:\r\n\r\nWe have a pen.\r\n5. Digunakan sebelum kata benda tunggal yang digunakan sebagai contoh dari sebuah kelompok benda.\r\n\r\nContoh:\r\n\r\nan announcer must be able show teater of mind.\r\n6. Digunakan dalam penulisan jumlah tertentu.\r\n\r\nContoh:\r\n\r\na couple of parents.\r\n7. Digunakan untuk menyatakan harga satuan tertentu.\r\n\r\nContoh:\r\n\r\n$50 a kilo.\r\n8. Digunakan dalam kalimat seru.\r\n\r\nContoh:\r\n\r\nWhat a beautiful girl!\r\nItu dia beberapa cara dalam menggunakan articles pada bahasa Inggris.', 'Articles', '2023-03-19 11:41:53.296158', '2023-03-19 11:41:53.296158', 'PUBLISH'),
(27, 'Articles dalam Bahasa Inggris Tapi Bahasa Indonesia 1', 'Dalam 🔗belajar bahasa Inggris, sering kali ditemukan articles atau kata sandang di dalam sebuah kalimat 🔗bahasa Inggris. Articles sendiri dibedakan menjadi dua yaitu definite articles dan indefinite articles.\r\n\r\nDefinite articles adalah kata sandang tertentu yang berupa kata sandang ‘the’ dan digunakan pada bentuk-bentuk kata tertentu saja. Sedangkan indefinite articles adalah memakai kata sandang ‘a’ dan ‘an’ yang memiliki arti sebuah. Berikut ini penjelasan kedua 🔗artikel dalam bahasa Inggris.\r\n\r\n1. DEFINITE ARTICLES\r\nDefinite articles digunakan untuk bermacam-macam variasai.\r\n\r\n1. Digunakan untuk kata benda yang telah disebut pada kalimat sebelumnya.\r\n\r\nContoh:\r\n\r\nI have a book. The book is very interesting.\r\n2. Digunakan untuk menunjukan kitab suci, tempat, laut atau wilayah.\r\n\r\nContoh:\r\n\r\nThe sempu island.\r\n3. Digunakan untuk kata yang menunjukan bangsa atau orang secara kolektif.\r\n\r\nContoh:\r\n\r\nThe Javanese.\r\n4. Digunakan dalam bentuk superlative dan ordinal numbers.\r\n\r\nContoh:\r\n\r\nThe longest.\r\n5. Digunakan untuk nama keluarga dalam bentuk jamak yang berarti family.\r\n\r\nContoh:\r\n\r\nThe Cullen.\r\n6. Digunakan untuk nama benda yang hanya satu-satunya.\r\n\r\nContoh:\r\n\r\nThe sun.\r\nThe moon.\r\n2. INDEFINITE ARTICLES\r\nIndefinite articles dikelompokan dalam article ‘a’ dan ‘an’. Kata sandang ‘a’ digunakan untuk benda tunggal yang dimulai dengan bunyi konsonan sedangkan ‘an’ digunakan untuk kata-kata benda yang diawali dengan huruf vokal. Indefinite article digunakan dalam bermacam-macam variasi pula.\r\n\r\n1. Digunakan saat di depan nama pangkat atau jabatan.\r\n\r\nContoh:\r\n\r\na sailor.\r\n2. Digunakan di depan nama kebangsaan.\r\n\r\nContoh:\r\n\r\nan American.\r\n3. Digunakan di depan nama agama.\r\n\r\nContoh:\r\n\r\na Moslem.\r\n4. Digunakan untuk kata benda tunggal yang dapat dihitung.\r\n\r\nContoh:\r\n\r\nWe have a pen.\r\n5. Digunakan sebelum kata benda tunggal yang digunakan sebagai contoh dari sebuah kelompok benda.\r\n\r\nContoh:\r\n\r\nan announcer must be able show teater of mind.\r\n6. Digunakan dalam penulisan jumlah tertentu.\r\n\r\nContoh:\r\n\r\na couple of parents.\r\n7. Digunakan untuk menyatakan harga satuan tertentu.\r\n\r\nContoh:\r\n\r\n$50 a kilo.\r\n8. Digunakan dalam kalimat seru.\r\n\r\nContoh:\r\n\r\nWhat a beautiful girl!\r\nItu dia beberapa cara dalam menggunakan articles pada bahasa Inggris.', 'Articles', '2023-03-19 11:41:53.855367', '2023-03-19 11:41:53.855367', 'PUBLISH'),
(28, 'Articles dalam Bahasa Inggris Tapi Bahasa Indonesia 1', 'Dalam 🔗belajar bahasa Inggris, sering kali ditemukan articles atau kata sandang di dalam sebuah kalimat 🔗bahasa Inggris. Articles sendiri dibedakan menjadi dua yaitu definite articles dan indefinite articles.\r\n\r\nDefinite articles adalah kata sandang tertentu yang berupa kata sandang ‘the’ dan digunakan pada bentuk-bentuk kata tertentu saja. Sedangkan indefinite articles adalah memakai kata sandang ‘a’ dan ‘an’ yang memiliki arti sebuah. Berikut ini penjelasan kedua 🔗artikel dalam bahasa Inggris.\r\n\r\n1. DEFINITE ARTICLES\r\nDefinite articles digunakan untuk bermacam-macam variasai.\r\n\r\n1. Digunakan untuk kata benda yang telah disebut pada kalimat sebelumnya.\r\n\r\nContoh:\r\n\r\nI have a book. The book is very interesting.\r\n2. Digunakan untuk menunjukan kitab suci, tempat, laut atau wilayah.\r\n\r\nContoh:\r\n\r\nThe sempu island.\r\n3. Digunakan untuk kata yang menunjukan bangsa atau orang secara kolektif.\r\n\r\nContoh:\r\n\r\nThe Javanese.\r\n4. Digunakan dalam bentuk superlative dan ordinal numbers.\r\n\r\nContoh:\r\n\r\nThe longest.\r\n5. Digunakan untuk nama keluarga dalam bentuk jamak yang berarti family.\r\n\r\nContoh:\r\n\r\nThe Cullen.\r\n6. Digunakan untuk nama benda yang hanya satu-satunya.\r\n\r\nContoh:\r\n\r\nThe sun.\r\nThe moon.\r\n2. INDEFINITE ARTICLES\r\nIndefinite articles dikelompokan dalam article ‘a’ dan ‘an’. Kata sandang ‘a’ digunakan untuk benda tunggal yang dimulai dengan bunyi konsonan sedangkan ‘an’ digunakan untuk kata-kata benda yang diawali dengan huruf vokal. Indefinite article digunakan dalam bermacam-macam variasi pula.\r\n\r\n1. Digunakan saat di depan nama pangkat atau jabatan.\r\n\r\nContoh:\r\n\r\na sailor.\r\n2. Digunakan di depan nama kebangsaan.\r\n\r\nContoh:\r\n\r\nan American.\r\n3. Digunakan di depan nama agama.\r\n\r\nContoh:\r\n\r\na Moslem.\r\n4. Digunakan untuk kata benda tunggal yang dapat dihitung.\r\n\r\nContoh:\r\n\r\nWe have a pen.\r\n5. Digunakan sebelum kata benda tunggal yang digunakan sebagai contoh dari sebuah kelompok benda.\r\n\r\nContoh:\r\n\r\nan announcer must be able show teater of mind.\r\n6. Digunakan dalam penulisan jumlah tertentu.\r\n\r\nContoh:\r\n\r\na couple of parents.\r\n7. Digunakan untuk menyatakan harga satuan tertentu.\r\n\r\nContoh:\r\n\r\n$50 a kilo.\r\n8. Digunakan dalam kalimat seru.\r\n\r\nContoh:\r\n\r\nWhat a beautiful girl!\r\nItu dia beberapa cara dalam menggunakan articles pada bahasa Inggris.', 'Articles', '2023-03-19 11:41:54.429873', '2023-03-19 11:41:54.429873', 'PUBLISH'),
(29, 'Articles dalam Bahasa Inggris Tapi Bahasa Indonesia 1', 'Dalam 🔗belajar bahasa Inggris, sering kali ditemukan articles atau kata sandang di dalam sebuah kalimat 🔗bahasa Inggris. Articles sendiri dibedakan menjadi dua yaitu definite articles dan indefinite articles.\r\n\r\nDefinite articles adalah kata sandang tertentu yang berupa kata sandang ‘the’ dan digunakan pada bentuk-bentuk kata tertentu saja. Sedangkan indefinite articles adalah memakai kata sandang ‘a’ dan ‘an’ yang memiliki arti sebuah. Berikut ini penjelasan kedua 🔗artikel dalam bahasa Inggris.\r\n\r\n1. DEFINITE ARTICLES\r\nDefinite articles digunakan untuk bermacam-macam variasai.\r\n\r\n1. Digunakan untuk kata benda yang telah disebut pada kalimat sebelumnya.\r\n\r\nContoh:\r\n\r\nI have a book. The book is very interesting.\r\n2. Digunakan untuk menunjukan kitab suci, tempat, laut atau wilayah.\r\n\r\nContoh:\r\n\r\nThe sempu island.\r\n3. Digunakan untuk kata yang menunjukan bangsa atau orang secara kolektif.\r\n\r\nContoh:\r\n\r\nThe Javanese.\r\n4. Digunakan dalam bentuk superlative dan ordinal numbers.\r\n\r\nContoh:\r\n\r\nThe longest.\r\n5. Digunakan untuk nama keluarga dalam bentuk jamak yang berarti family.\r\n\r\nContoh:\r\n\r\nThe Cullen.\r\n6. Digunakan untuk nama benda yang hanya satu-satunya.\r\n\r\nContoh:\r\n\r\nThe sun.\r\nThe moon.\r\n2. INDEFINITE ARTICLES\r\nIndefinite articles dikelompokan dalam article ‘a’ dan ‘an’. Kata sandang ‘a’ digunakan untuk benda tunggal yang dimulai dengan bunyi konsonan sedangkan ‘an’ digunakan untuk kata-kata benda yang diawali dengan huruf vokal. Indefinite article digunakan dalam bermacam-macam variasi pula.\r\n\r\n1. Digunakan saat di depan nama pangkat atau jabatan.\r\n\r\nContoh:\r\n\r\na sailor.\r\n2. Digunakan di depan nama kebangsaan.\r\n\r\nContoh:\r\n\r\nan American.\r\n3. Digunakan di depan nama agama.\r\n\r\nContoh:\r\n\r\na Moslem.\r\n4. Digunakan untuk kata benda tunggal yang dapat dihitung.\r\n\r\nContoh:\r\n\r\nWe have a pen.\r\n5. Digunakan sebelum kata benda tunggal yang digunakan sebagai contoh dari sebuah kelompok benda.\r\n\r\nContoh:\r\n\r\nan announcer must be able show teater of mind.\r\n6. Digunakan dalam penulisan jumlah tertentu.\r\n\r\nContoh:\r\n\r\na couple of parents.\r\n7. Digunakan untuk menyatakan harga satuan tertentu.\r\n\r\nContoh:\r\n\r\n$50 a kilo.\r\n8. Digunakan dalam kalimat seru.\r\n\r\nContoh:\r\n\r\nWhat a beautiful girl!\r\nItu dia beberapa cara dalam menggunakan articles pada bahasa Inggris.', 'Articles', '2023-03-19 11:41:55.032480', '2023-03-19 11:41:55.032480', 'PUBLISH'),
(30, 'Articles dalam Bahasa Inggris Tapi Bahasa Indonesia 1', 'Dalam 🔗belajar bahasa Inggris, sering kali ditemukan articles atau kata sandang di dalam sebuah kalimat 🔗bahasa Inggris. Articles sendiri dibedakan menjadi dua yaitu definite articles dan indefinite articles.\r\n\r\nDefinite articles adalah kata sandang tertentu yang berupa kata sandang ‘the’ dan digunakan pada bentuk-bentuk kata tertentu saja. Sedangkan indefinite articles adalah memakai kata sandang ‘a’ dan ‘an’ yang memiliki arti sebuah. Berikut ini penjelasan kedua 🔗artikel dalam bahasa Inggris.\r\n\r\n1. DEFINITE ARTICLES\r\nDefinite articles digunakan untuk bermacam-macam variasai.\r\n\r\n1. Digunakan untuk kata benda yang telah disebut pada kalimat sebelumnya.\r\n\r\nContoh:\r\n\r\nI have a book. The book is very interesting.\r\n2. Digunakan untuk menunjukan kitab suci, tempat, laut atau wilayah.\r\n\r\nContoh:\r\n\r\nThe sempu island.\r\n3. Digunakan untuk kata yang menunjukan bangsa atau orang secara kolektif.\r\n\r\nContoh:\r\n\r\nThe Javanese.\r\n4. Digunakan dalam bentuk superlative dan ordinal numbers.\r\n\r\nContoh:\r\n\r\nThe longest.\r\n5. Digunakan untuk nama keluarga dalam bentuk jamak yang berarti family.\r\n\r\nContoh:\r\n\r\nThe Cullen.\r\n6. Digunakan untuk nama benda yang hanya satu-satunya.\r\n\r\nContoh:\r\n\r\nThe sun.\r\nThe moon.\r\n2. INDEFINITE ARTICLES\r\nIndefinite articles dikelompokan dalam article ‘a’ dan ‘an’. Kata sandang ‘a’ digunakan untuk benda tunggal yang dimulai dengan bunyi konsonan sedangkan ‘an’ digunakan untuk kata-kata benda yang diawali dengan huruf vokal. Indefinite article digunakan dalam bermacam-macam variasi pula.\r\n\r\n1. Digunakan saat di depan nama pangkat atau jabatan.\r\n\r\nContoh:\r\n\r\na sailor.\r\n2. Digunakan di depan nama kebangsaan.\r\n\r\nContoh:\r\n\r\nan American.\r\n3. Digunakan di depan nama agama.\r\n\r\nContoh:\r\n\r\na Moslem.\r\n4. Digunakan untuk kata benda tunggal yang dapat dihitung.\r\n\r\nContoh:\r\n\r\nWe have a pen.\r\n5. Digunakan sebelum kata benda tunggal yang digunakan sebagai contoh dari sebuah kelompok benda.\r\n\r\nContoh:\r\n\r\nan announcer must be able show teater of mind.\r\n6. Digunakan dalam penulisan jumlah tertentu.\r\n\r\nContoh:\r\n\r\na couple of parents.\r\n7. Digunakan untuk menyatakan harga satuan tertentu.\r\n\r\nContoh:\r\n\r\n$50 a kilo.\r\n8. Digunakan dalam kalimat seru.\r\n\r\nContoh:\r\n\r\nWhat a beautiful girl!\r\nItu dia beberapa cara dalam menggunakan articles pada bahasa Inggris.', 'Articles', '2023-03-19 11:41:55.592319', '2023-03-19 11:41:55.592319', 'PUBLISH'),
(31, 'Articles dalam Bahasa Inggris Tapi Bahasa Indonesia 1', 'Dalam 🔗belajar bahasa Inggris, sering kali ditemukan articles atau kata sandang di dalam sebuah kalimat 🔗bahasa Inggris. Articles sendiri dibedakan menjadi dua yaitu definite articles dan indefinite articles.\r\n\r\nDefinite articles adalah kata sandang tertentu yang berupa kata sandang ‘the’ dan digunakan pada bentuk-bentuk kata tertentu saja. Sedangkan indefinite articles adalah memakai kata sandang ‘a’ dan ‘an’ yang memiliki arti sebuah. Berikut ini penjelasan kedua 🔗artikel dalam bahasa Inggris.\r\n\r\n1. DEFINITE ARTICLES\r\nDefinite articles digunakan untuk bermacam-macam variasai.\r\n\r\n1. Digunakan untuk kata benda yang telah disebut pada kalimat sebelumnya.\r\n\r\nContoh:\r\n\r\nI have a book. The book is very interesting.\r\n2. Digunakan untuk menunjukan kitab suci, tempat, laut atau wilayah.\r\n\r\nContoh:\r\n\r\nThe sempu island.\r\n3. Digunakan untuk kata yang menunjukan bangsa atau orang secara kolektif.\r\n\r\nContoh:\r\n\r\nThe Javanese.\r\n4. Digunakan dalam bentuk superlative dan ordinal numbers.\r\n\r\nContoh:\r\n\r\nThe longest.\r\n5. Digunakan untuk nama keluarga dalam bentuk jamak yang berarti family.\r\n\r\nContoh:\r\n\r\nThe Cullen.\r\n6. Digunakan untuk nama benda yang hanya satu-satunya.\r\n\r\nContoh:\r\n\r\nThe sun.\r\nThe moon.\r\n2. INDEFINITE ARTICLES\r\nIndefinite articles dikelompokan dalam article ‘a’ dan ‘an’. Kata sandang ‘a’ digunakan untuk benda tunggal yang dimulai dengan bunyi konsonan sedangkan ‘an’ digunakan untuk kata-kata benda yang diawali dengan huruf vokal. Indefinite article digunakan dalam bermacam-macam variasi pula.\r\n\r\n1. Digunakan saat di depan nama pangkat atau jabatan.\r\n\r\nContoh:\r\n\r\na sailor.\r\n2. Digunakan di depan nama kebangsaan.\r\n\r\nContoh:\r\n\r\nan American.\r\n3. Digunakan di depan nama agama.\r\n\r\nContoh:\r\n\r\na Moslem.\r\n4. Digunakan untuk kata benda tunggal yang dapat dihitung.\r\n\r\nContoh:\r\n\r\nWe have a pen.\r\n5. Digunakan sebelum kata benda tunggal yang digunakan sebagai contoh dari sebuah kelompok benda.\r\n\r\nContoh:\r\n\r\nan announcer must be able show teater of mind.\r\n6. Digunakan dalam penulisan jumlah tertentu.\r\n\r\nContoh:\r\n\r\na couple of parents.\r\n7. Digunakan untuk menyatakan harga satuan tertentu.\r\n\r\nContoh:\r\n\r\n$50 a kilo.\r\n8. Digunakan dalam kalimat seru.\r\n\r\nContoh:\r\n\r\nWhat a beautiful girl!\r\nItu dia beberapa cara dalam menggunakan articles pada bahasa Inggris.', 'Articles', '2023-03-19 11:41:56.154424', '2023-03-19 11:41:56.154424', 'PUBLISH'),
(32, 'Articles dalam Bahasa Inggris Tapi Bahasa Indonesia 1', 'Dalam 🔗belajar bahasa Inggris, sering kali ditemukan articles atau kata sandang di dalam sebuah kalimat 🔗bahasa Inggris. Articles sendiri dibedakan menjadi dua yaitu definite articles dan indefinite articles.\r\n\r\nDefinite articles adalah kata sandang tertentu yang berupa kata sandang ‘the’ dan digunakan pada bentuk-bentuk kata tertentu saja. Sedangkan indefinite articles adalah memakai kata sandang ‘a’ dan ‘an’ yang memiliki arti sebuah. Berikut ini penjelasan kedua 🔗artikel dalam bahasa Inggris.\r\n\r\n1. DEFINITE ARTICLES\r\nDefinite articles digunakan untuk bermacam-macam variasai.\r\n\r\n1. Digunakan untuk kata benda yang telah disebut pada kalimat sebelumnya.\r\n\r\nContoh:\r\n\r\nI have a book. The book is very interesting.\r\n2. Digunakan untuk menunjukan kitab suci, tempat, laut atau wilayah.\r\n\r\nContoh:\r\n\r\nThe sempu island.\r\n3. Digunakan untuk kata yang menunjukan bangsa atau orang secara kolektif.\r\n\r\nContoh:\r\n\r\nThe Javanese.\r\n4. Digunakan dalam bentuk superlative dan ordinal numbers.\r\n\r\nContoh:\r\n\r\nThe longest.\r\n5. Digunakan untuk nama keluarga dalam bentuk jamak yang berarti family.\r\n\r\nContoh:\r\n\r\nThe Cullen.\r\n6. Digunakan untuk nama benda yang hanya satu-satunya.\r\n\r\nContoh:\r\n\r\nThe sun.\r\nThe moon.\r\n2. INDEFINITE ARTICLES\r\nIndefinite articles dikelompokan dalam article ‘a’ dan ‘an’. Kata sandang ‘a’ digunakan untuk benda tunggal yang dimulai dengan bunyi konsonan sedangkan ‘an’ digunakan untuk kata-kata benda yang diawali dengan huruf vokal. Indefinite article digunakan dalam bermacam-macam variasi pula.\r\n\r\n1. Digunakan saat di depan nama pangkat atau jabatan.\r\n\r\nContoh:\r\n\r\na sailor.\r\n2. Digunakan di depan nama kebangsaan.\r\n\r\nContoh:\r\n\r\nan American.\r\n3. Digunakan di depan nama agama.\r\n\r\nContoh:\r\n\r\na Moslem.\r\n4. Digunakan untuk kata benda tunggal yang dapat dihitung.\r\n\r\nContoh:\r\n\r\nWe have a pen.\r\n5. Digunakan sebelum kata benda tunggal yang digunakan sebagai contoh dari sebuah kelompok benda.\r\n\r\nContoh:\r\n\r\nan announcer must be able show teater of mind.\r\n6. Digunakan dalam penulisan jumlah tertentu.\r\n\r\nContoh:\r\n\r\na couple of parents.\r\n7. Digunakan untuk menyatakan harga satuan tertentu.\r\n\r\nContoh:\r\n\r\n$50 a kilo.\r\n8. Digunakan dalam kalimat seru.\r\n\r\nContoh:\r\n\r\nWhat a beautiful girl!\r\nItu dia beberapa cara dalam menggunakan articles pada bahasa Inggris.', 'Articles', '2023-03-19 11:41:56.727506', '2023-03-19 11:41:56.727506', 'PUBLISH'),
(33, 'Articles dalam Bahasa Inggris Tapi Bahasa Indonesia 1', 'Dalam 🔗belajar bahasa Inggris, sering kali ditemukan articles atau kata sandang di dalam sebuah kalimat 🔗bahasa Inggris. Articles sendiri dibedakan menjadi dua yaitu definite articles dan indefinite articles.\r\n\r\nDefinite articles adalah kata sandang tertentu yang berupa kata sandang ‘the’ dan digunakan pada bentuk-bentuk kata tertentu saja. Sedangkan indefinite articles adalah memakai kata sandang ‘a’ dan ‘an’ yang memiliki arti sebuah. Berikut ini penjelasan kedua 🔗artikel dalam bahasa Inggris.\r\n\r\n1. DEFINITE ARTICLES\r\nDefinite articles digunakan untuk bermacam-macam variasai.\r\n\r\n1. Digunakan untuk kata benda yang telah disebut pada kalimat sebelumnya.\r\n\r\nContoh:\r\n\r\nI have a book. The book is very interesting.\r\n2. Digunakan untuk menunjukan kitab suci, tempat, laut atau wilayah.\r\n\r\nContoh:\r\n\r\nThe sempu island.\r\n3. Digunakan untuk kata yang menunjukan bangsa atau orang secara kolektif.\r\n\r\nContoh:\r\n\r\nThe Javanese.\r\n4. Digunakan dalam bentuk superlative dan ordinal numbers.\r\n\r\nContoh:\r\n\r\nThe longest.\r\n5. Digunakan untuk nama keluarga dalam bentuk jamak yang berarti family.\r\n\r\nContoh:\r\n\r\nThe Cullen.\r\n6. Digunakan untuk nama benda yang hanya satu-satunya.\r\n\r\nContoh:\r\n\r\nThe sun.\r\nThe moon.\r\n2. INDEFINITE ARTICLES\r\nIndefinite articles dikelompokan dalam article ‘a’ dan ‘an’. Kata sandang ‘a’ digunakan untuk benda tunggal yang dimulai dengan bunyi konsonan sedangkan ‘an’ digunakan untuk kata-kata benda yang diawali dengan huruf vokal. Indefinite article digunakan dalam bermacam-macam variasi pula.\r\n\r\n1. Digunakan saat di depan nama pangkat atau jabatan.\r\n\r\nContoh:\r\n\r\na sailor.\r\n2. Digunakan di depan nama kebangsaan.\r\n\r\nContoh:\r\n\r\nan American.\r\n3. Digunakan di depan nama agama.\r\n\r\nContoh:\r\n\r\na Moslem.\r\n4. Digunakan untuk kata benda tunggal yang dapat dihitung.\r\n\r\nContoh:\r\n\r\nWe have a pen.\r\n5. Digunakan sebelum kata benda tunggal yang digunakan sebagai contoh dari sebuah kelompok benda.\r\n\r\nContoh:\r\n\r\nan announcer must be able show teater of mind.\r\n6. Digunakan dalam penulisan jumlah tertentu.\r\n\r\nContoh:\r\n\r\na couple of parents.\r\n7. Digunakan untuk menyatakan harga satuan tertentu.\r\n\r\nContoh:\r\n\r\n$50 a kilo.\r\n8. Digunakan dalam kalimat seru.\r\n\r\nContoh:\r\n\r\nWhat a beautiful girl!\r\nItu dia beberapa cara dalam menggunakan articles pada bahasa Inggris.', 'Articles', '2023-03-19 11:41:57.336166', '2023-03-19 11:41:57.336166', 'PUBLISH'),
(34, 'Articles dalam Bahasa Inggris Tapi Bahasa Indonesia 1', 'Dalam 🔗belajar bahasa Inggris, sering kali ditemukan articles atau kata sandang di dalam sebuah kalimat 🔗bahasa Inggris. Articles sendiri dibedakan menjadi dua yaitu definite articles dan indefinite articles.\r\n\r\nDefinite articles adalah kata sandang tertentu yang berupa kata sandang ‘the’ dan digunakan pada bentuk-bentuk kata tertentu saja. Sedangkan indefinite articles adalah memakai kata sandang ‘a’ dan ‘an’ yang memiliki arti sebuah. Berikut ini penjelasan kedua 🔗artikel dalam bahasa Inggris.\r\n\r\n1. DEFINITE ARTICLES\r\nDefinite articles digunakan untuk bermacam-macam variasai.\r\n\r\n1. Digunakan untuk kata benda yang telah disebut pada kalimat sebelumnya.\r\n\r\nContoh:\r\n\r\nI have a book. The book is very interesting.\r\n2. Digunakan untuk menunjukan kitab suci, tempat, laut atau wilayah.\r\n\r\nContoh:\r\n\r\nThe sempu island.\r\n3. Digunakan untuk kata yang menunjukan bangsa atau orang secara kolektif.\r\n\r\nContoh:\r\n\r\nThe Javanese.\r\n4. Digunakan dalam bentuk superlative dan ordinal numbers.\r\n\r\nContoh:\r\n\r\nThe longest.\r\n5. Digunakan untuk nama keluarga dalam bentuk jamak yang berarti family.\r\n\r\nContoh:\r\n\r\nThe Cullen.\r\n6. Digunakan untuk nama benda yang hanya satu-satunya.\r\n\r\nContoh:\r\n\r\nThe sun.\r\nThe moon.\r\n2. INDEFINITE ARTICLES\r\nIndefinite articles dikelompokan dalam article ‘a’ dan ‘an’. Kata sandang ‘a’ digunakan untuk benda tunggal yang dimulai dengan bunyi konsonan sedangkan ‘an’ digunakan untuk kata-kata benda yang diawali dengan huruf vokal. Indefinite article digunakan dalam bermacam-macam variasi pula.\r\n\r\n1. Digunakan saat di depan nama pangkat atau jabatan.\r\n\r\nContoh:\r\n\r\na sailor.\r\n2. Digunakan di depan nama kebangsaan.\r\n\r\nContoh:\r\n\r\nan American.\r\n3. Digunakan di depan nama agama.\r\n\r\nContoh:\r\n\r\na Moslem.\r\n4. Digunakan untuk kata benda tunggal yang dapat dihitung.\r\n\r\nContoh:\r\n\r\nWe have a pen.\r\n5. Digunakan sebelum kata benda tunggal yang digunakan sebagai contoh dari sebuah kelompok benda.\r\n\r\nContoh:\r\n\r\nan announcer must be able show teater of mind.\r\n6. Digunakan dalam penulisan jumlah tertentu.\r\n\r\nContoh:\r\n\r\na couple of parents.\r\n7. Digunakan untuk menyatakan harga satuan tertentu.\r\n\r\nContoh:\r\n\r\n$50 a kilo.\r\n8. Digunakan dalam kalimat seru.\r\n\r\nContoh:\r\n\r\nWhat a beautiful girl!\r\nItu dia beberapa cara dalam menggunakan articles pada bahasa Inggris.', 'Articles', '2023-03-19 11:41:57.898032', '2023-03-19 11:41:57.898032', 'PUBLISH'),
(35, 'Articles dalam Bahasa Inggris Tapi Bahasa Indonesia 1', 'Dalam 🔗belajar bahasa Inggris, sering kali ditemukan articles atau kata sandang di dalam sebuah kalimat 🔗bahasa Inggris. Articles sendiri dibedakan menjadi dua yaitu definite articles dan indefinite articles.\r\n\r\nDefinite articles adalah kata sandang tertentu yang berupa kata sandang ‘the’ dan digunakan pada bentuk-bentuk kata tertentu saja. Sedangkan indefinite articles adalah memakai kata sandang ‘a’ dan ‘an’ yang memiliki arti sebuah. Berikut ini penjelasan kedua 🔗artikel dalam bahasa Inggris.\r\n\r\n1. DEFINITE ARTICLES\r\nDefinite articles digunakan untuk bermacam-macam variasai.\r\n\r\n1. Digunakan untuk kata benda yang telah disebut pada kalimat sebelumnya.\r\n\r\nContoh:\r\n\r\nI have a book. The book is very interesting.\r\n2. Digunakan untuk menunjukan kitab suci, tempat, laut atau wilayah.\r\n\r\nContoh:\r\n\r\nThe sempu island.\r\n3. Digunakan untuk kata yang menunjukan bangsa atau orang secara kolektif.\r\n\r\nContoh:\r\n\r\nThe Javanese.\r\n4. Digunakan dalam bentuk superlative dan ordinal numbers.\r\n\r\nContoh:\r\n\r\nThe longest.\r\n5. Digunakan untuk nama keluarga dalam bentuk jamak yang berarti family.\r\n\r\nContoh:\r\n\r\nThe Cullen.\r\n6. Digunakan untuk nama benda yang hanya satu-satunya.\r\n\r\nContoh:\r\n\r\nThe sun.\r\nThe moon.\r\n2. INDEFINITE ARTICLES\r\nIndefinite articles dikelompokan dalam article ‘a’ dan ‘an’. Kata sandang ‘a’ digunakan untuk benda tunggal yang dimulai dengan bunyi konsonan sedangkan ‘an’ digunakan untuk kata-kata benda yang diawali dengan huruf vokal. Indefinite article digunakan dalam bermacam-macam variasi pula.\r\n\r\n1. Digunakan saat di depan nama pangkat atau jabatan.\r\n\r\nContoh:\r\n\r\na sailor.\r\n2. Digunakan di depan nama kebangsaan.\r\n\r\nContoh:\r\n\r\nan American.\r\n3. Digunakan di depan nama agama.\r\n\r\nContoh:\r\n\r\na Moslem.\r\n4. Digunakan untuk kata benda tunggal yang dapat dihitung.\r\n\r\nContoh:\r\n\r\nWe have a pen.\r\n5. Digunakan sebelum kata benda tunggal yang digunakan sebagai contoh dari sebuah kelompok benda.\r\n\r\nContoh:\r\n\r\nan announcer must be able show teater of mind.\r\n6. Digunakan dalam penulisan jumlah tertentu.\r\n\r\nContoh:\r\n\r\na couple of parents.\r\n7. Digunakan untuk menyatakan harga satuan tertentu.\r\n\r\nContoh:\r\n\r\n$50 a kilo.\r\n8. Digunakan dalam kalimat seru.\r\n\r\nContoh:\r\n\r\nWhat a beautiful girl!\r\nItu dia beberapa cara dalam menggunakan articles pada bahasa Inggris.', 'Articles', '2023-03-19 11:41:58.521491', '2023-03-19 11:41:58.521491', 'PUBLISH'),
(36, 'Articles dalam Bahasa Inggris Tapi Bahasa Indonesia 1', 'Dalam 🔗belajar bahasa Inggris, sering kali ditemukan articles atau kata sandang di dalam sebuah kalimat 🔗bahasa Inggris. Articles sendiri dibedakan menjadi dua yaitu definite articles dan indefinite articles.\r\n\r\nDefinite articles adalah kata sandang tertentu yang berupa kata sandang ‘the’ dan digunakan pada bentuk-bentuk kata tertentu saja. Sedangkan indefinite articles adalah memakai kata sandang ‘a’ dan ‘an’ yang memiliki arti sebuah. Berikut ini penjelasan kedua 🔗artikel dalam bahasa Inggris.\r\n\r\n1. DEFINITE ARTICLES\r\nDefinite articles digunakan untuk bermacam-macam variasai.\r\n\r\n1. Digunakan untuk kata benda yang telah disebut pada kalimat sebelumnya.\r\n\r\nContoh:\r\n\r\nI have a book. The book is very interesting.\r\n2. Digunakan untuk menunjukan kitab suci, tempat, laut atau wilayah.\r\n\r\nContoh:\r\n\r\nThe sempu island.\r\n3. Digunakan untuk kata yang menunjukan bangsa atau orang secara kolektif.\r\n\r\nContoh:\r\n\r\nThe Javanese.\r\n4. Digunakan dalam bentuk superlative dan ordinal numbers.\r\n\r\nContoh:\r\n\r\nThe longest.\r\n5. Digunakan untuk nama keluarga dalam bentuk jamak yang berarti family.\r\n\r\nContoh:\r\n\r\nThe Cullen.\r\n6. Digunakan untuk nama benda yang hanya satu-satunya.\r\n\r\nContoh:\r\n\r\nThe sun.\r\nThe moon.\r\n2. INDEFINITE ARTICLES\r\nIndefinite articles dikelompokan dalam article ‘a’ dan ‘an’. Kata sandang ‘a’ digunakan untuk benda tunggal yang dimulai dengan bunyi konsonan sedangkan ‘an’ digunakan untuk kata-kata benda yang diawali dengan huruf vokal. Indefinite article digunakan dalam bermacam-macam variasi pula.\r\n\r\n1. Digunakan saat di depan nama pangkat atau jabatan.\r\n\r\nContoh:\r\n\r\na sailor.\r\n2. Digunakan di depan nama kebangsaan.\r\n\r\nContoh:\r\n\r\nan American.\r\n3. Digunakan di depan nama agama.\r\n\r\nContoh:\r\n\r\na Moslem.\r\n4. Digunakan untuk kata benda tunggal yang dapat dihitung.\r\n\r\nContoh:\r\n\r\nWe have a pen.\r\n5. Digunakan sebelum kata benda tunggal yang digunakan sebagai contoh dari sebuah kelompok benda.\r\n\r\nContoh:\r\n\r\nan announcer must be able show teater of mind.\r\n6. Digunakan dalam penulisan jumlah tertentu.\r\n\r\nContoh:\r\n\r\na couple of parents.\r\n7. Digunakan untuk menyatakan harga satuan tertentu.\r\n\r\nContoh:\r\n\r\n$50 a kilo.\r\n8. Digunakan dalam kalimat seru.\r\n\r\nContoh:\r\n\r\nWhat a beautiful girl!\r\nItu dia beberapa cara dalam menggunakan articles pada bahasa Inggris.', 'Articles', '2023-03-19 11:41:59.079879', '2023-03-19 11:41:59.079879', 'PUBLISH'),
(37, 'Articles dalam Bahasa Inggris Tapi Bahasa Indonesia 1', 'Dalam 🔗belajar bahasa Inggris, sering kali ditemukan articles atau kata sandang di dalam sebuah kalimat 🔗bahasa Inggris. Articles sendiri dibedakan menjadi dua yaitu definite articles dan indefinite articles.\r\n\r\nDefinite articles adalah kata sandang tertentu yang berupa kata sandang ‘the’ dan digunakan pada bentuk-bentuk kata tertentu saja. Sedangkan indefinite articles adalah memakai kata sandang ‘a’ dan ‘an’ yang memiliki arti sebuah. Berikut ini penjelasan kedua 🔗artikel dalam bahasa Inggris.\r\n\r\n1. DEFINITE ARTICLES\r\nDefinite articles digunakan untuk bermacam-macam variasai.\r\n\r\n1. Digunakan untuk kata benda yang telah disebut pada kalimat sebelumnya.\r\n\r\nContoh:\r\n\r\nI have a book. The book is very interesting.\r\n2. Digunakan untuk menunjukan kitab suci, tempat, laut atau wilayah.\r\n\r\nContoh:\r\n\r\nThe sempu island.\r\n3. Digunakan untuk kata yang menunjukan bangsa atau orang secara kolektif.\r\n\r\nContoh:\r\n\r\nThe Javanese.\r\n4. Digunakan dalam bentuk superlative dan ordinal numbers.\r\n\r\nContoh:\r\n\r\nThe longest.\r\n5. Digunakan untuk nama keluarga dalam bentuk jamak yang berarti family.\r\n\r\nContoh:\r\n\r\nThe Cullen.\r\n6. Digunakan untuk nama benda yang hanya satu-satunya.\r\n\r\nContoh:\r\n\r\nThe sun.\r\nThe moon.\r\n2. INDEFINITE ARTICLES\r\nIndefinite articles dikelompokan dalam article ‘a’ dan ‘an’. Kata sandang ‘a’ digunakan untuk benda tunggal yang dimulai dengan bunyi konsonan sedangkan ‘an’ digunakan untuk kata-kata benda yang diawali dengan huruf vokal. Indefinite article digunakan dalam bermacam-macam variasi pula.\r\n\r\n1. Digunakan saat di depan nama pangkat atau jabatan.\r\n\r\nContoh:\r\n\r\na sailor.\r\n2. Digunakan di depan nama kebangsaan.\r\n\r\nContoh:\r\n\r\nan American.\r\n3. Digunakan di depan nama agama.\r\n\r\nContoh:\r\n\r\na Moslem.\r\n4. Digunakan untuk kata benda tunggal yang dapat dihitung.\r\n\r\nContoh:\r\n\r\nWe have a pen.\r\n5. Digunakan sebelum kata benda tunggal yang digunakan sebagai contoh dari sebuah kelompok benda.\r\n\r\nContoh:\r\n\r\nan announcer must be able show teater of mind.\r\n6. Digunakan dalam penulisan jumlah tertentu.\r\n\r\nContoh:\r\n\r\na couple of parents.\r\n7. Digunakan untuk menyatakan harga satuan tertentu.\r\n\r\nContoh:\r\n\r\n$50 a kilo.\r\n8. Digunakan dalam kalimat seru.\r\n\r\nContoh:\r\n\r\nWhat a beautiful girl!\r\nItu dia beberapa cara dalam menggunakan articles pada bahasa Inggris.', 'Articles', '2023-03-19 11:41:59.762605', '2023-03-19 11:41:59.762605', 'PUBLISH');

--
-- Indexes for dumped tables
--

--
-- Indeks untuk tabel `auth_group`
--
ALTER TABLE `auth_group`
  ADD PRIMARY KEY (`id`),
  ADD UNIQUE KEY `name` (`name`);

--
-- Indeks untuk tabel `auth_group_permissions`
--
ALTER TABLE `auth_group_permissions`
  ADD PRIMARY KEY (`id`),
  ADD UNIQUE KEY `auth_group_permissions_group_id_permission_id_0cd325b0_uniq` (`group_id`,`permission_id`),
  ADD KEY `auth_group_permissio_permission_id_84c5c92e_fk_auth_perm` (`permission_id`);

--
-- Indeks untuk tabel `auth_permission`
--
ALTER TABLE `auth_permission`
  ADD PRIMARY KEY (`id`),
  ADD UNIQUE KEY `auth_permission_content_type_id_codename_01ab375a_uniq` (`content_type_id`,`codename`);

--
-- Indeks untuk tabel `auth_user`
--
ALTER TABLE `auth_user`
  ADD PRIMARY KEY (`id`),
  ADD UNIQUE KEY `username` (`username`);

--
-- Indeks untuk tabel `auth_user_groups`
--
ALTER TABLE `auth_user_groups`
  ADD PRIMARY KEY (`id`),
  ADD UNIQUE KEY `auth_user_groups_user_id_group_id_94350c0c_uniq` (`user_id`,`group_id`),
  ADD KEY `auth_user_groups_group_id_97559544_fk_auth_group_id` (`group_id`);

--
-- Indeks untuk tabel `auth_user_user_permissions`
--
ALTER TABLE `auth_user_user_permissions`
  ADD PRIMARY KEY (`id`),
  ADD UNIQUE KEY `auth_user_user_permissions_user_id_permission_id_14a6b632_uniq` (`user_id`,`permission_id`),
  ADD KEY `auth_user_user_permi_permission_id_1fbb5f2c_fk_auth_perm` (`permission_id`);

--
-- Indeks untuk tabel `django_admin_log`
--
ALTER TABLE `django_admin_log`
  ADD PRIMARY KEY (`id`),
  ADD KEY `django_admin_log_content_type_id_c4bce8eb_fk_django_co` (`content_type_id`),
  ADD KEY `django_admin_log_user_id_c564eba6_fk_auth_user_id` (`user_id`);

--
-- Indeks untuk tabel `django_content_type`
--
ALTER TABLE `django_content_type`
  ADD PRIMARY KEY (`id`),
  ADD UNIQUE KEY `django_content_type_app_label_model_76bd3d3b_uniq` (`app_label`,`model`);

--
-- Indeks untuk tabel `django_migrations`
--
ALTER TABLE `django_migrations`
  ADD PRIMARY KEY (`id`);

--
-- Indeks untuk tabel `django_session`
--
ALTER TABLE `django_session`
  ADD PRIMARY KEY (`session_key`),
  ADD KEY `django_session_expire_date_a5c62663` (`expire_date`);

--
-- Indeks untuk tabel `posts_posts`
--
ALTER TABLE `posts_posts`
  ADD PRIMARY KEY (`Id`);

--
-- AUTO_INCREMENT untuk tabel yang dibuang
--

--
-- AUTO_INCREMENT untuk tabel `auth_group`
--
ALTER TABLE `auth_group`
  MODIFY `id` int NOT NULL AUTO_INCREMENT;

--
-- AUTO_INCREMENT untuk tabel `auth_group_permissions`
--
ALTER TABLE `auth_group_permissions`
  MODIFY `id` bigint NOT NULL AUTO_INCREMENT;

--
-- AUTO_INCREMENT untuk tabel `auth_permission`
--
ALTER TABLE `auth_permission`
  MODIFY `id` int NOT NULL AUTO_INCREMENT, AUTO_INCREMENT=29;

--
-- AUTO_INCREMENT untuk tabel `auth_user`
--
ALTER TABLE `auth_user`
  MODIFY `id` int NOT NULL AUTO_INCREMENT, AUTO_INCREMENT=2;

--
-- AUTO_INCREMENT untuk tabel `auth_user_groups`
--
ALTER TABLE `auth_user_groups`
  MODIFY `id` bigint NOT NULL AUTO_INCREMENT;

--
-- AUTO_INCREMENT untuk tabel `auth_user_user_permissions`
--
ALTER TABLE `auth_user_user_permissions`
  MODIFY `id` bigint NOT NULL AUTO_INCREMENT;

--
-- AUTO_INCREMENT untuk tabel `django_admin_log`
--
ALTER TABLE `django_admin_log`
  MODIFY `id` int NOT NULL AUTO_INCREMENT;

--
-- AUTO_INCREMENT untuk tabel `django_content_type`
--
ALTER TABLE `django_content_type`
  MODIFY `id` int NOT NULL AUTO_INCREMENT, AUTO_INCREMENT=8;

--
-- AUTO_INCREMENT untuk tabel `django_migrations`
--
ALTER TABLE `django_migrations`
  MODIFY `id` bigint NOT NULL AUTO_INCREMENT, AUTO_INCREMENT=23;

--
-- AUTO_INCREMENT untuk tabel `posts_posts`
--
ALTER TABLE `posts_posts`
  MODIFY `Id` int NOT NULL AUTO_INCREMENT, AUTO_INCREMENT=38;

--
-- Ketidakleluasaan untuk tabel pelimpahan (Dumped Tables)
--

--
-- Ketidakleluasaan untuk tabel `auth_group_permissions`
--
ALTER TABLE `auth_group_permissions`
  ADD CONSTRAINT `auth_group_permissio_permission_id_84c5c92e_fk_auth_perm` FOREIGN KEY (`permission_id`) REFERENCES `auth_permission` (`id`),
  ADD CONSTRAINT `auth_group_permissions_group_id_b120cbf9_fk_auth_group_id` FOREIGN KEY (`group_id`) REFERENCES `auth_group` (`id`);

--
-- Ketidakleluasaan untuk tabel `auth_permission`
--
ALTER TABLE `auth_permission`
  ADD CONSTRAINT `auth_permission_content_type_id_2f476e4b_fk_django_co` FOREIGN KEY (`content_type_id`) REFERENCES `django_content_type` (`id`);

--
-- Ketidakleluasaan untuk tabel `auth_user_groups`
--
ALTER TABLE `auth_user_groups`
  ADD CONSTRAINT `auth_user_groups_group_id_97559544_fk_auth_group_id` FOREIGN KEY (`group_id`) REFERENCES `auth_group` (`id`),
  ADD CONSTRAINT `auth_user_groups_user_id_6a12ed8b_fk_auth_user_id` FOREIGN KEY (`user_id`) REFERENCES `auth_user` (`id`);

--
-- Ketidakleluasaan untuk tabel `auth_user_user_permissions`
--
ALTER TABLE `auth_user_user_permissions`
  ADD CONSTRAINT `auth_user_user_permi_permission_id_1fbb5f2c_fk_auth_perm` FOREIGN KEY (`permission_id`) REFERENCES `auth_permission` (`id`),
  ADD CONSTRAINT `auth_user_user_permissions_user_id_a95ead1b_fk_auth_user_id` FOREIGN KEY (`user_id`) REFERENCES `auth_user` (`id`);

--
-- Ketidakleluasaan untuk tabel `django_admin_log`
--
ALTER TABLE `django_admin_log`
  ADD CONSTRAINT `django_admin_log_content_type_id_c4bce8eb_fk_django_co` FOREIGN KEY (`content_type_id`) REFERENCES `django_content_type` (`id`),
  ADD CONSTRAINT `django_admin_log_user_id_c564eba6_fk_auth_user_id` FOREIGN KEY (`user_id`) REFERENCES `auth_user` (`id`);
COMMIT;

/*!40101 SET CHARACTER_SET_CLIENT=@OLD_CHARACTER_SET_CLIENT */;
/*!40101 SET CHARACTER_SET_RESULTS=@OLD_CHARACTER_SET_RESULTS */;
/*!40101 SET COLLATION_CONNECTION=@OLD_COLLATION_CONNECTION */;
